row_id,cell_kind,corpus_tier,corpus_bytes,corpus_sha256,tokenizer,packing,backend,backend_profile,backend_transport,tokenization_layout,chunk_size,batch_chunks,threads,tokenize_time_s,pack_time_s,compress_time_s,total_time_s,throughput_mbps,compressed_bytes,ratio,token_count,peak_rss_mb,decompress_time_s,decompress_throughput_mbps,round_trip_verified,sha256_match,token_count_match,length_match,tokenizer_startup_s,error,status,started_utc,finished_utc,corpus,compress_sha256,wall_time_s,packed_bytes,unsafe_boundary_cuts
623c12b3a0d1,ratio_grid,1GB,1075001664,dfd7ec8b626488fcfe7ef501d412b57d6ff7c8f734191ede6e3e19e4557079c7,none,raw_utf8,lzma_extreme,max,subprocess_cli,library_batch,2097152,128,20,0.0,0.0,141.5577,141.5577,7.242,287959027,3.7331757757328443,0,6766.43,2.364,433.664,True,True,True,True,0.0,,done,2026-08-16T08:19:06Z,2026-08-16T08:21:30Z,./corpus/pg19_1gb.txt,dfd7ec8b626488fcfe7ef501d412b57d6ff7c8f734191ede6e3e19e4557079c7,143.922,,
6ca1e9fc6307,ratio_grid,1GB,1075001664,dfd7ec8b626488fcfe7ef501d412b57d6ff7c8f734191ede6e3e19e4557079c7,none,raw_utf8,lzma_fast,fast,subprocess_cli,library_batch,2097152,128,20,0.0,0.0,75.6558,75.6558,13.551,293256292,3.665741173594325,0,7283.44,2.0155,508.67,True,True,True,True,0.0,,done,2026-08-16T08:21:30Z,2026-08-16T08:22:48Z,./corpus/pg19_1gb.txt,dfd7ec8b626488fcfe7ef501d412b57d6ff7c8f734191ede6e3e19e4557079c7,77.6715,,
b7e22f143b3a,ratio_grid,1GB,1075001664,dfd7ec8b626488fcfe7ef501d412b57d6ff7c8f734191ede6e3e19e4557079c7,none,raw_utf8,zstd_19,max,subprocess_cli,library_batch,2097152,128,20,0.0,0.0,85.7193,85.7193,11.96,300219192,3.5807226607951166,0,2795.77,0.9826,1043.39,True,True,True,True,0.0,,done,2026-08-16T08:22:48Z,2026-08-16T08:24:15Z,./corpus/pg19_1gb.txt,dfd7ec8b626488fcfe7ef501d412b57d6ff7c8f734191ede6e3e19e4557079c7,86.7021,,
d924ca8849cc,ratio_grid,1GB,1075001664,dfd7ec8b626488fcfe7ef501d412b57d6ff7c8f734191ede6e3e19e4557079c7,none,raw_utf8,zstd_12,fast,subprocess_cli,library_batch,2097152,128,20,0.0,0.0,12.9734,12.9734,79.023,337787664,3.182477569695973,0,1830.65,0.9681,1058.992,True,True,True,True,0.0,,done,2026-08-16T08:24:15Z,2026-08-16T08:24:29Z,./corpus/pg19_1gb.txt,dfd7ec8b626488fcfe7ef501d412b57d6ff7c8f734191ede6e3e19e4557079c7,13.9418,,
500b2f58b8d3,ratio_grid,1GB,1075001664,dfd7ec8b626488fcfe7ef501d412b57d6ff7c8f734191ede6e3e19e4557079c7,none,raw_utf8,zstd_22_long,max,subprocess_cli,library_batch,2097152,128,20,0.0,0.0,630.4732,630.4732,1.626,284263547,3.7817077685307288,0,4289.67,1.5087,679.526,True,True,True,True,0.0,,done,2026-08-16T08:24:29Z,2026-08-16T08:35:01Z,./corpus/pg19_1gb.txt,dfd7ec8b626488fcfe7ef501d412b57d6ff7c8f734191ede6e3e19e4557079c7,631.9822,,
80dcc1365171,ratio_grid,1GB,1075001664,dfd7ec8b626488fcfe7ef501d412b57d6ff7c8f734191ede6e3e19e4557079c7,none,raw_utf8,gzip_9,fast,subprocess_cli,library_batch,2097152,128,20,0.0,0.0,55.3983,55.3983,18.506,399217452,2.6927722187856657,0,50.62,5.479,187.115,True,True,True,True,0.0,,done,2026-08-16T08:35:01Z,2026-08-16T08:36:02Z,./corpus/pg19_1gb.txt,dfd7ec8b626488fcfe7ef501d412b57d6ff7c8f734191ede6e3e19e4557079c7,60.8776,,
02eb5c9f4015,ratio_grid,1GB,1075001664,dfd7ec8b626488fcfe7ef501d412b57d6ff7c8f734191ede6e3e19e4557079c7,none,raw_utf8,bz2_9,fast,subprocess_cli,library_batch,2097152,128,20,0.0,0.0,51.7183,51.7183,19.823,301468508,3.5658837837881228,0,52.8,24.2003,42.363,True,True,True,True,0.0,,done,2026-08-16T08:36:02Z,2026-08-16T08:37:18Z,./corpus/pg19_1gb.txt,dfd7ec8b626488fcfe7ef501d412b57d6ff7c8f734191ede6e3e19e4557079c7,75.9187,,
cbf1af8e473e,ratio_grid,1GB,1075001664,dfd7ec8b626488fcfe7ef501d412b57d6ff7c8f734191ede6e3e19e4557079c7,o200k_base,leb128,lzma_extreme,max,subprocess_cli,library_batch,2097152,128,20,9.259,13.712,115.4879,138.4588,7.404,280180985,3.8368116380203316,258406311,7083.42,21.2276,48.296,True,True,True,True,0.0,,done,2026-08-16T08:37:18Z,2026-08-16T08:39:58Z,./corpus/pg19_1gb.txt,dfd7ec8b626488fcfe7ef501d412b57d6ff7c8f734191ede6e3e19e4557079c7,159.8369,,
5bb701f0e04d,ratio_grid,1GB,1075001664,dfd7ec8b626488fcfe7ef501d412b57d6ff7c8f734191ede6e3e19e4557079c7,o200k_base,leb128,lzma_fast,fast,subprocess_cli,library_batch,2097152,128,20,9.5225,13.8101,53.7956,77.1282,13.292,285186422,3.7694700065348834,258406311,7706.0,21.1546,48.462,True,True,True,True,0.0,,done,2026-08-16T08:39:58Z,2026-08-16T08:41:37Z,./corpus/pg19_1gb.txt,dfd7ec8b626488fcfe7ef501d412b57d6ff7c8f734191ede6e3e19e4557079c7,98.4376,,
a961f2e89e9b,ratio_grid,1GB,1075001664,dfd7ec8b626488fcfe7ef501d412b57d6ff7c8f734191ede6e3e19e4557079c7,o200k_base,leb128,zstd_19,max,subprocess_cli,library_batch,2097152,128,20,9.5118,13.8368,52.002,75.3507,13.606,291803435,3.68399249309728,258406311,6876.54,20.4021,50.25,True,True,True,True,0.0,,done,2026-08-16T08:41:37Z,2026-08-16T08:43:13Z,./corpus/pg19_1gb.txt,dfd7ec8b626488fcfe7ef501d412b57d6ff7c8f734191ede6e3e19e4557079c7,95.9082,,
332ee9495094,ratio_grid,1GB,1075001664,dfd7ec8b626488fcfe7ef501d412b57d6ff7c8f734191ede6e3e19e4557079c7,o200k_base,leb128,zstd_12,fast,subprocess_cli,library_batch,2097152,128,20,10.5478,12.6599,6.6449,29.8525,34.342,318241931,3.3779384778808423,258406311,6522.51,20.3392,50.405,True,True,True,True,0.0,,done,2026-08-16T08:43:13Z,2026-08-16T08:44:03Z,./corpus/pg19_1gb.txt,dfd7ec8b626488fcfe7ef501d412b57d6ff7c8f734191ede6e3e19e4557079c7,50.3447,,
855835326bf1,ratio_grid,1GB,1075001664,dfd7ec8b626488fcfe7ef501d412b57d6ff7c8f734191ede6e3e19e4557079c7,o200k_base,leb128,zstd_22_long,max,subprocess_cli,library_batch,2097152,128,20,9.1977,12.5113,460.9444,482.6534,2.124,277329833,3.8762568468427268,258406311,7358.64,20.2466,50.636,True,True,True,True,0.0,,done,2026-08-16T08:44:03Z,2026-08-16T08:52:27Z,./corpus/pg19_1gb.txt,dfd7ec8b626488fcfe7ef501d412b57d6ff7c8f734191ede6e3e19e4557079c7,503.0522,,
daaff6715d49,ratio_grid,1GB,1075001664,dfd7ec8b626488fcfe7ef501d412b57d6ff7c8f734191ede6e3e19e4557079c7,o200k_base,leb128,gzip_9,fast,subprocess_cli,library_batch,2097152,128,20,9.1729,12.6009,22.1113,43.8851,23.361,365479466,2.9413462697792165,258406311,6069.4,23.2081,44.174,True,True,True,True,0.0,,done,2026-08-16T08:52:27Z,2026-08-16T08:53:34Z,./corpus/pg19_1gb.txt,dfd7ec8b626488fcfe7ef501d412b57d6ff7c8f734191ede6e3e19e4557079c7,67.2502,,
cd8946371da5,ratio_grid,1GB,1075001664,dfd7ec8b626488fcfe7ef501d412b57d6ff7c8f734191ede6e3e19e4557079c7,o200k_base,leb128,bz2_9,fast,subprocess_cli,library_batch,2097152,128,20,9.1416,12.7474,29.599,51.488,19.911,316941438,3.3917990363885457,258406311,5965.68,40.0586,25.593,True,True,True,True,0.0,,done,2026-08-16T08:53:34Z,2026-08-16T08:55:06Z,./corpus/pg19_1gb.txt,dfd7ec8b626488fcfe7ef501d412b57d6ff7c8f734191ede6e3e19e4557079c7,91.7,,
ffb32e487e16,ratio_grid,1GB,1075001664,dfd7ec8b626488fcfe7ef501d412b57d6ff7c8f734191ede6e3e19e4557079c7,cl100k_base,leb128,lzma_extreme,max,subprocess_cli,library_batch,2097152,128,20,15.1605,12.9975,115.5851,143.7431,7.132,278350746,3.862039816483912,261130552,6937.21,21.4285,47.843,True,True,True,True,0.0,,done,2026-08-16T08:55:06Z,2026-08-16T08:57:51Z,./corpus/pg19_1gb.txt,dfd7ec8b626488fcfe7ef501d412b57d6ff7c8f734191ede6e3e19e4557079c7,165.2525,,
98c78361a166,ratio_grid,1GB,1075001664,dfd7ec8b626488fcfe7ef501d412b57d6ff7c8f734191ede6e3e19e4557079c7,cl100k_base,leb128,lzma_fast,fast,subprocess_cli,library_batch,2097152,128,20,15.3608,13.4837,54.0187,82.8631,12.372,283261071,3.795091433513644,261130552,7683.0,20.998,48.824,True,True,True,True,0.0,,done,2026-08-16T08:57:51Z,2026-08-16T08:59:35Z,./corpus/pg19_1gb.txt,dfd7ec8b626488fcfe7ef501d412b57d6ff7c8f734191ede6e3e19e4557079c7,103.9416,,
d5ad5f268894,ratio_grid,1GB,1075001664,dfd7ec8b626488fcfe7ef501d412b57d6ff7c8f734191ede6e3e19e4557079c7,cl100k_base,leb128,zstd_19,max,subprocess_cli,library_batch,2097152,128,20,15.6418,13.348,52.3051,81.2949,12.611,290128019,3.705266618871444,261130552,6822.91,20.0427,51.151,True,True,True,True,0.0,,done,2026-08-16T08:59:35Z,2026-08-16T09:01:17Z,./corpus/pg19_1gb.txt,dfd7ec8b626488fcfe7ef501d412b57d6ff7c8f734191ede6e3e19e4557079c7,101.4181,,
e65a06627d19,ratio_grid,1GB,1075001664,dfd7ec8b626488fcfe7ef501d412b57d6ff7c8f734191ede6e3e19e4557079c7,cl100k_base,leb128,zstd_12,fast,subprocess_cli,library_batch,2097152,128,20,14.9144,12.3507,6.914,34.1791,29.995,316308624,3.3985847442464925,261130552,6495.61,20.1017,51.001,True,True,True,True,0.0,,done,2026-08-16T09:01:17Z,2026-08-16T09:02:12Z,./corpus/pg19_1gb.txt,dfd7ec8b626488fcfe7ef501d412b57d6ff7c8f734191ede6e3e19e4557079c7,54.3595,,
7933eeae0485,ratio_grid,1GB,1075001664,dfd7ec8b626488fcfe7ef501d412b57d6ff7c8f734191ede6e3e19e4557079c7,cl100k_base,leb128,zstd_22_long,max,subprocess_cli,library_batch,2097152,128,20,15.1013,12.4522,455.9192,483.4727,2.12,275992138,3.8950445175362205,261130552,7348.52,20.1876,50.784,True,True,True,True,0.0,,done,2026-08-16T09:02:12Z,2026-08-16T09:10:36Z,./corpus/pg19_1gb.txt,dfd7ec8b626488fcfe7ef501d412b57d6ff7c8f734191ede6e3e19e4557079c7,503.7391,,
d141b383a3c6,ratio_grid,1GB,1075001664,dfd7ec8b626488fcfe7ef501d412b57d6ff7c8f734191ede6e3e19e4557079c7,cl100k_base,leb128,gzip_9,fast,subprocess_cli,library_batch,2097152,128,20,14.7135,12.523,22.3269,49.5634,20.685,360621693,2.9809678254713314,261130552,6016.88,22.9051,44.759,True,True,True,True,0.0,,done,2026-08-16T09:10:36Z,2026-08-16T09:11:48Z,./corpus/pg19_1gb.txt,dfd7ec8b626488fcfe7ef501d412b57d6ff7c8f734191ede6e3e19e4557079c7,72.5469,,
d1af59808e24,ratio_grid,1GB,1075001664,dfd7ec8b626488fcfe7ef501d412b57d6ff7c8f734191ede6e3e19e4557079c7,cl100k_base,leb128,bz2_9,fast,subprocess_cli,library_batch,2097152,128,20,14.8082,12.8853,29.3769,57.0703,17.964,313905360,3.4246043584601424,261130552,6054.01,39.6543,25.853,True,True,True,True,0.0,,done,2026-08-16T09:11:48Z,2026-08-16T09:13:25Z,./corpus/pg19_1gb.txt,dfd7ec8b626488fcfe7ef501d412b57d6ff7c8f734191ede6e3e19e4557079c7,96.8032,,
e88a9243cd81,ratio_grid,1GB,1075001664,dfd7ec8b626488fcfe7ef501d412b57d6ff7c8f734191ede6e3e19e4557079c7,r50k_base,leb128,lzma_extreme,max,subprocess_cli,library_batch,2097152,128,20,14.1192,14.8654,108.655,137.6396,7.448,280970616,3.8260287830240585,303622325,7691.29,22.1621,46.259,True,True,True,True,0.0,,done,2026-08-16T09:13:25Z,2026-08-16T09:16:05Z,./corpus/pg19_1gb.txt,dfd7ec8b626488fcfe7ef501d412b57d6ff7c8f734191ede6e3e19e4557079c7,159.8469,,
a71b5c16d967,ratio_grid,1GB,1075001664,dfd7ec8b626488fcfe7ef501d412b57d6ff7c8f734191ede6e3e19e4557079c7,r50k_base,leb128,lzma_fast,fast,subprocess_cli,library_batch,2097152,128,20,14.3911,15.1496,51.1492,80.6899,12.705,285525641,3.76499168423196,303622325,8594.55,22.2479,46.081,True,True,True,True,0.0,,done,2026-08-16T09:16:05Z,2026-08-16T09:17:49Z,./corpus/pg19_1gb.txt,dfd7ec8b626488fcfe7ef501d412b57d6ff7c8f734191ede6e3e19e4557079c7,102.9839,,
c046f2e74327,ratio_grid,1GB,1075001664,dfd7ec8b626488fcfe7ef501d412b57d6ff7c8f734191ede6e3e19e4557079c7,r50k_base,leb128,zstd_19,max,subprocess_cli,library_batch,2097152,128,20,14.0796,15.0689,50.3625,79.511,12.894,292477113,3.6755069583854927,303622325,7277.26,21.4021,47.902,True,True,True,True,0.0,,done,2026-08-16T09:17:49Z,2026-08-16T09:19:30Z,./corpus/pg19_1gb.txt,dfd7ec8b626488fcfe7ef501d412b57d6ff7c8f734191ede6e3e19e4557079c7,100.9593,,
76d5f99f2bd7,ratio_grid,1GB,1075001664,dfd7ec8b626488fcfe7ef501d412b57d6ff7c8f734191ede6e3e19e4557079c7,r50k_base,leb128,zstd_12,fast,subprocess_cli,library_batch,2097152,128,20,14.3534,13.9291,6.8614,35.1439,29.172,321325983,3.3455173900456097,303622325,6994.36,21.4411,47.815,True,True,True,True,0.0,,done,2026-08-16T09:19:30Z,2026-08-16T09:20:26Z,./corpus/pg19_1gb.txt,dfd7ec8b626488fcfe7ef501d412b57d6ff7c8f734191ede6e3e19e4557079c7,56.6313,,
72f317b8595a,ratio_grid,1GB,1075001664,dfd7ec8b626488fcfe7ef501d412b57d6ff7c8f734191ede6e3e19e4557079c7,r50k_base,leb128,zstd_22_long,max,subprocess_cli,library_batch,2097152,128,20,13.9925,14.1375,430.9508,459.0809,2.233,278403042,3.8613143602073143,303622325,7642.32,21.3305,48.063,True,True,True,True,0.0,,done,2026-08-16T09:20:26Z,2026-08-16T09:28:27Z,./corpus/pg19_1gb.txt,dfd7ec8b626488fcfe7ef501d412b57d6ff7c8f734191ede6e3e19e4557079c7,480.4579,,
8a86456ed243,ratio_grid,1GB,1075001664,dfd7ec8b626488fcfe7ef501d412b57d6ff7c8f734191ede6e3e19e4557079c7,r50k_base,leb128,gzip_9,fast,subprocess_cli,library_batch,2097152,128,20,13.9351,14.2951,60.9381,89.1683,11.497,357186608,3.0096359715703564,303622325,6366.6,24.252,42.273,True,True,True,True,0.0,,done,2026-08-16T09:28:27Z,2026-08-16T09:30:21Z,./corpus/pg19_1gb.txt,dfd7ec8b626488fcfe7ef501d412b57d6ff7c8f734191ede6e3e19e4557079c7,113.4664,,
0ca4b444c2c6,ratio_grid,1GB,1075001664,dfd7ec8b626488fcfe7ef501d412b57d6ff7c8f734191ede6e3e19e4557079c7,r50k_base,leb128,bz2_9,fast,subprocess_cli,library_batch,2097152,128,20,14.185,14.3383,34.6179,63.1412,16.237,311168663,3.4547234083144165,303622325,6449.91,41.1905,24.889,True,True,True,True,0.0,,done,2026-08-16T09:30:21Z,2026-08-16T09:32:05Z,./corpus/pg19_1gb.txt,dfd7ec8b626488fcfe7ef501d412b57d6ff7c8f734191ede6e3e19e4557079c7,104.3764,,
9e6d9277ddc8,ratio_grid,1GB,1075001664,dfd7ec8b626488fcfe7ef501d412b57d6ff7c8f734191ede6e3e19e4557079c7,r50k_base,fixed_u16,lzma_extreme,max,subprocess_cli,library_batch,2097152,128,20,13.8732,5.6288,109.1573,128.6593,7.968,265566924,4.047950128006152,303622325,5342.03,12.3924,82.728,True,True,True,True,0.0,,done,2026-08-16T09:32:05Z,2026-08-16T09:34:27Z,./corpus/pg19_1gb.txt,dfd7ec8b626488fcfe7ef501d412b57d6ff7c8f734191ede6e3e19e4557079c7,141.0973,,
415f5725da99,ratio_grid,1GB,1075001664,dfd7ec8b626488fcfe7ef501d412b57d6ff7c8f734191ede6e3e19e4557079c7,r50k_base,fixed_u16,lzma_fast,fast,subprocess_cli,library_batch,2097152,128,20,14.6511,5.6795,51.9436,72.2742,14.185,270029253,3.9810563191092485,303622325,6112.39,12.5881,81.442,True,True,True,True,0.0,,done,2026-08-16T09:34:27Z,2026-08-16T09:35:52Z,./corpus/pg19_1gb.txt,dfd7ec8b626488fcfe7ef501d412b57d6ff7c8f734191ede6e3e19e4557079c7,84.9077,,
1383a5eed53c,ratio_grid,1GB,1075001664,dfd7ec8b626488fcfe7ef501d412b57d6ff7c8f734191ede6e3e19e4557079c7,r50k_base,fixed_u16,lzma_tuned_lp1pb1,max,subprocess_cli,library_batch,2097152,128,20,14.0251,5.5757,108.7091,128.3099,7.99,264379209,4.066135412334939,303622325,5288.39,12.6004,81.363,True,True,True,True,0.0,,done,2026-08-16T09:35:52Z,2026-08-16T09:38:13Z,./corpus/pg19_1gb.txt,dfd7ec8b626488fcfe7ef501d412b57d6ff7c8f734191ede6e3e19e4557079c7,140.9544,,
239694aafc28,ratio_grid,1GB,1075001664,dfd7ec8b626488fcfe7ef501d412b57d6ff7c8f734191ede6e3e19e4557079c7,r50k_base,fixed_u16,zstd_19,max,subprocess_cli,library_batch,2097152,128,20,14.0937,5.7002,51.2642,71.0581,14.428,285382681,3.766877724440468,303622325,5027.02,11.867,86.391,True,True,True,True,0.0,,done,2026-08-16T09:38:13Z,2026-08-16T09:39:36Z,./corpus/pg19_1gb.txt,dfd7ec8b626488fcfe7ef501d412b57d6ff7c8f734191ede6e3e19e4557079c7,82.9729,,
b6d389f557c2,ratio_grid,1GB,1075001664,dfd7ec8b626488fcfe7ef501d412b57d6ff7c8f734191ede6e3e19e4557079c7,r50k_base,fixed_u16,zstd_12,fast,subprocess_cli,library_batch,2097152,128,20,14.1019,5.3605,6.8461,26.3086,38.968,318051169,3.3799645113079273,303622325,4712.03,11.8169,86.757,True,True,True,True,0.0,,done,2026-08-16T09:39:36Z,2026-08-16T09:40:14Z,./corpus/pg19_1gb.txt,dfd7ec8b626488fcfe7ef501d412b57d6ff7c8f734191ede6e3e19e4557079c7,38.1699,,
ff56388b7029,ratio_grid,1GB,1075001664,dfd7ec8b626488fcfe7ef501d412b57d6ff7c8f734191ede6e3e19e4557079c7,r50k_base,fixed_u16,zstd_22_long,max,subprocess_cli,library_batch,2097152,128,20,13.6882,5.3158,424.555,443.559,2.311,272062970,3.9512972456339797,303622325,5473.85,11.9711,85.64,True,True,True,True,0.0,,done,2026-08-16T09:40:14Z,2026-08-16T09:47:50Z,./corpus/pg19_1gb.txt,dfd7ec8b626488fcfe7ef501d412b57d6ff7c8f734191ede6e3e19e4557079c7,455.5755,,
3c9612047917,ratio_grid,1GB,1075001664,dfd7ec8b626488fcfe7ef501d412b57d6ff7c8f734191ede6e3e19e4557079c7,r50k_base,fixed_u16,gzip_9,fast,subprocess_cli,library_batch,2097152,128,20,13.8587,5.3991,63.3182,82.576,12.415,347006805,3.0979267510330235,303622325,3921.48,14.7088,69.7,True,True,True,True,0.0,,done,2026-08-16T09:47:50Z,2026-08-16T09:49:28Z,./corpus/pg19_1gb.txt,dfd7ec8b626488fcfe7ef501d412b57d6ff7c8f734191ede6e3e19e4557079c7,97.3308,,
a781a5f3cfb0,ratio_grid,1GB,1075001664,dfd7ec8b626488fcfe7ef501d412b57d6ff7c8f734191ede6e3e19e4557079c7,r50k_base,fixed_u16,bz2_9,fast,subprocess_cli,library_batch,2097152,128,20,13.7747,5.4636,35.678,54.9164,18.668,314032958,3.42321287181583,303622325,3952.86,30.9902,33.082,True,True,True,True,0.0,,done,2026-08-16T09:49:28Z,2026-08-16T09:50:54Z,./corpus/pg19_1gb.txt,dfd7ec8b626488fcfe7ef501d412b57d6ff7c8f734191ede6e3e19e4557079c7,85.9515,,
810178d58640,ratio_grid,1GB,1075001664,dfd7ec8b626488fcfe7ef501d412b57d6ff7c8f734191ede6e3e19e4557079c7,p50k_base,leb128,lzma_extreme,max,subprocess_cli,library_batch,2097152,128,20,13.8629,14.469,111.0154,139.3473,7.357,279829956,3.8416246758084758,292797263,7448.78,21.8875,46.84,True,True,True,True,0.0,,done,2026-08-16T09:50:54Z,2026-08-16T09:53:35Z,./corpus/pg19_1gb.txt,dfd7ec8b626488fcfe7ef501d412b57d6ff7c8f734191ede6e3e19e4557079c7,161.2808,,
273e9bbe92e0,ratio_grid,1GB,1075001664,dfd7ec8b626488fcfe7ef501d412b57d6ff7c8f734191ede6e3e19e4557079c7,p50k_base,leb128,lzma_fast,fast,subprocess_cli,library_batch,2097152,128,20,14.4857,14.7094,52.7506,81.9458,12.511,284246657,3.781932478453036,292797263,8253.34,21.576,47.516,True,True,True,True,0.0,,done,2026-08-16T09:53:35Z,2026-08-16T09:55:19Z,./corpus/pg19_1gb.txt,dfd7ec8b626488fcfe7ef501d412b57d6ff7c8f734191ede6e3e19e4557079c7,103.5676,,
face67ec88e2,ratio_grid,1GB,1075001664,dfd7ec8b626488fcfe7ef501d412b57d6ff7c8f734191ede6e3e19e4557079c7,p50k_base,leb128,zstd_19,max,subprocess_cli,library_batch,2097152,128,20,14.3443,14.727,50.3103,79.3816,12.915,291617588,3.686340290284549,292797263,7187.26,20.7362,49.44,True,True,True,True,0.0,,done,2026-08-16T09:55:19Z,2026-08-16T09:56:59Z,./corpus/pg19_1gb.txt,dfd7ec8b626488fcfe7ef501d412b57d6ff7c8f734191ede6e3e19e4557079c7,100.1639,,
282ae1e3dfb8,ratio_grid,1GB,1075001664,dfd7ec8b626488fcfe7ef501d412b57d6ff7c8f734191ede6e3e19e4557079c7,p50k_base,leb128,zstd_12,fast,subprocess_cli,library_batch,2097152,128,20,14.0721,13.5601,6.8123,34.4445,29.764,320322722,3.355995657404535,292797263,6747.47,20.8284,49.221,True,True,True,True,0.0,,done,2026-08-16T09:56:59Z,2026-08-16T09:57:55Z,./corpus/pg19_1gb.txt,dfd7ec8b626488fcfe7ef501d412b57d6ff7c8f734191ede6e3e19e4557079c7,55.3196,,
fed2195ae2a1,ratio_grid,1GB,1075001664,dfd7ec8b626488fcfe7ef501d412b57d6ff7c8f734191ede6e3e19e4557079c7,p50k_base,leb128,zstd_22_long,max,subprocess_cli,library_batch,2097152,128,20,13.8039,13.6263,440.0728,467.503,2.193,277610951,3.8723316213847774,292797263,7700.53,20.9747,48.878,True,True,True,True,0.0,,done,2026-08-16T09:57:55Z,2026-08-16T10:06:04Z,./corpus/pg19_1gb.txt,dfd7ec8b626488fcfe7ef501d412b57d6ff7c8f734191ede6e3e19e4557079c7,488.5234,,
0ffc2e54c729,ratio_grid,1GB,1075001664,dfd7ec8b626488fcfe7ef501d412b57d6ff7c8f734191ede6e3e19e4557079c7,p50k_base,leb128,gzip_9,fast,subprocess_cli,library_batch,2097152,128,20,13.5069,14.029,60.8134,88.3494,11.604,356407555,3.016214580524254,292797263,6291.86,23.9003,42.895,True,True,True,True,0.0,,done,2026-08-16T10:06:04Z,2026-08-16T10:07:56Z,./corpus/pg19_1gb.txt,dfd7ec8b626488fcfe7ef501d412b57d6ff7c8f734191ede6e3e19e4557079c7,112.2949,,
a2fdc9daa54e,ratio_grid,1GB,1075001664,dfd7ec8b626488fcfe7ef501d412b57d6ff7c8f734191ede6e3e19e4557079c7,p50k_base,leb128,bz2_9,fast,subprocess_cli,library_batch,2097152,128,20,13.8939,13.9723,31.7119,59.578,17.208,310957211,3.4570726324143677,292797263,6331.83,40.7536,25.156,True,True,True,True,0.0,,done,2026-08-16T10:07:56Z,2026-08-16T10:09:37Z,./corpus/pg19_1gb.txt,dfd7ec8b626488fcfe7ef501d412b57d6ff7c8f734191ede6e3e19e4557079c7,100.3772,,
97551c1c7925,ratio_grid,1GB,1075001664,dfd7ec8b626488fcfe7ef501d412b57d6ff7c8f734191ede6e3e19e4557079c7,p50k_base,fixed_u16,lzma_extreme,max,subprocess_cli,library_batch,2097152,128,20,14.4365,5.5538,111.0242,131.0146,7.825,264335564,4.066806780490574,292797263,5113.32,12.4249,82.512,True,True,True,True,0.0,,done,2026-08-16T10:09:37Z,2026-08-16T10:12:00Z,./corpus/pg19_1gb.txt,dfd7ec8b626488fcfe7ef501d412b57d6ff7c8f734191ede6e3e19e4557079c7,143.484,,
a63d5362adff,ratio_grid,1GB,1075001664,dfd7ec8b626488fcfe7ef501d412b57d6ff7c8f734191ede6e3e19e4557079c7,p50k_base,fixed_u16,lzma_fast,fast,subprocess_cli,library_batch,2097152,128,20,14.662,5.5156,52.4317,72.6094,14.119,268504437,4.003664431064877,292797263,5838.78,12.3935,82.721,True,True,True,True,0.0,,done,2026-08-16T10:12:00Z,2026-08-16T10:13:25Z,./corpus/pg19_1gb.txt,dfd7ec8b626488fcfe7ef501d412b57d6ff7c8f734191ede6e3e19e4557079c7,85.0478,,
925b56d64f7e,ratio_grid,1GB,1075001664,dfd7ec8b626488fcfe7ef501d412b57d6ff7c8f734191ede6e3e19e4557079c7,p50k_base,fixed_u16,lzma_tuned_lp1pb1,max,subprocess_cli,library_batch,2097152,128,20,13.8402,5.5084,110.8183,130.167,7.876,263129045,4.08545420745931,292797263,5251.12,12.3258,83.175,True,True,True,True,0.0,,done,2026-08-16T10:13:25Z,2026-08-16T10:15:48Z,./corpus/pg19_1gb.txt,dfd7ec8b626488fcfe7ef501d412b57d6ff7c8f734191ede6e3e19e4557079c7,142.5386,,
a209139ef006,ratio_grid,1GB,1075001664,dfd7ec8b626488fcfe7ef501d412b57d6ff7c8f734191ede6e3e19e4557079c7,p50k_base,fixed_u16,zstd_19,max,subprocess_cli,library_batch,2097152,128,20,14.7143,5.5996,51.1012,71.4151,14.356,284373086,3.7802510748151463,292797263,4921.03,11.6941,87.668,True,True,True,True,0.0,,done,2026-08-16T10:15:48Z,2026-08-16T10:17:12Z,./corpus/pg19_1gb.txt,dfd7ec8b626488fcfe7ef501d412b57d6ff7c8f734191ede6e3e19e4557079c7,83.1544,,
b7a18584064a,ratio_grid,1GB,1075001664,dfd7ec8b626488fcfe7ef501d412b57d6ff7c8f734191ede6e3e19e4557079c7,p50k_base,fixed_u16,zstd_12,fast,subprocess_cli,library_batch,2097152,128,20,14.3393,5.2458,6.6764,26.2616,39.038,317058604,3.390545629223801,292797263,4609.89,11.5676,88.627,True,True,True,True,0.0,,done,2026-08-16T10:17:12Z,2026-08-16T10:17:50Z,./corpus/pg19_1gb.txt,dfd7ec8b626488fcfe7ef501d412b57d6ff7c8f734191ede6e3e19e4557079c7,37.8732,,
936454f5115e,ratio_grid,1GB,1075001664,dfd7ec8b626488fcfe7ef501d412b57d6ff7c8f734191ede6e3e19e4557079c7,p50k_base,fixed_u16,zstd_22_long,max,subprocess_cli,library_batch,2097152,128,20,13.834,5.1548,435.3959,454.3848,2.256,270970624,3.967225849544488,292797263,5335.94,11.6139,88.274,True,True,True,True,0.0,,done,2026-08-16T10:17:50Z,2026-08-16T10:25:36Z,./corpus/pg19_1gb.txt,dfd7ec8b626488fcfe7ef501d412b57d6ff7c8f734191ede6e3e19e4557079c7,466.0432,,
471734b81e3b,ratio_grid,1GB,1075001664,dfd7ec8b626488fcfe7ef501d412b57d6ff7c8f734191ede6e3e19e4557079c7,p50k_base,fixed_u16,gzip_9,fast,subprocess_cli,library_batch,2097152,128,20,13.839,5.3687,63.2408,82.4486,12.434,346134102,3.105737509793242,292797263,3892.75,14.6076,70.183,True,True,True,True,0.0,,done,2026-08-16T10:25:36Z,2026-08-16T10:27:13Z,./corpus/pg19_1gb.txt,dfd7ec8b626488fcfe7ef501d412b57d6ff7c8f734191ede6e3e19e4557079c7,97.1022,,
279b336c3ee2,ratio_grid,1GB,1075001664,dfd7ec8b626488fcfe7ef501d412b57d6ff7c8f734191ede6e3e19e4557079c7,p50k_base,fixed_u16,bz2_9,fast,subprocess_cli,library_batch,2097152,128,20,13.8927,5.3039,33.0148,52.2113,19.636,313468120,3.429381156846189,292797263,3999.06,30.7869,33.3,True,True,True,True,0.0,,done,2026-08-16T10:27:13Z,2026-08-16T10:28:36Z,./corpus/pg19_1gb.txt,dfd7ec8b626488fcfe7ef501d412b57d6ff7c8f734191ede6e3e19e4557079c7,83.0426,,
b704783933d4,ofat_threads,1GB,1075001664,dfd7ec8b626488fcfe7ef501d412b57d6ff7c8f734191ede6e3e19e4557079c7,o200k_base,leb128,lzma_extreme,max,subprocess_cli,library_batch,2097152,128,1,51.537,12.7641,461.8197,526.1209,1.949,277154257,3.8787124384670735,258406311,6652.28,28.8791,35.5,True,True,True,True,0.0,,done,2026-08-16T15:44:18Z,2026-08-16T15:53:33Z,./corpus/pg19_1gb.txt,dfd7ec8b626488fcfe7ef501d412b57d6ff7c8f734191ede6e3e19e4557079c7,555.1649,,
e2b5bfab2fcd,ofat_threads,1GB,1075001664,dfd7ec8b626488fcfe7ef501d412b57d6ff7c8f734191ede6e3e19e4557079c7,o200k_base,leb128,lzma_extreme,max,subprocess_cli,library_batch,2097152,128,4,14.764,13.3092,116.5419,144.6151,7.089,280180985,3.8368116380203316,258406311,7300.46,21.6577,47.337,True,True,True,True,0.0,,done,2026-08-16T15:53:33Z,2026-08-16T15:56:20Z,./corpus/pg19_1gb.txt,dfd7ec8b626488fcfe7ef501d412b57d6ff7c8f734191ede6e3e19e4557079c7,166.4321,,
0266521a27c4,ofat_threads,1GB,1075001664,dfd7ec8b626488fcfe7ef501d412b57d6ff7c8f734191ede6e3e19e4557079c7,o200k_base,leb128,lzma_fast,fast,subprocess_cli,library_batch,2097152,128,1,52.0856,12.3357,387.4544,451.8757,2.269,281567814,3.817913875625003,258406311,6397.51,28.4633,36.018,True,True,True,True,0.0,,done,2026-08-16T15:56:20Z,2026-08-16T16:04:20Z,./corpus/pg19_1gb.txt,dfd7ec8b626488fcfe7ef501d412b57d6ff7c8f734191ede6e3e19e4557079c7,480.4917,,
9eb827b7d0fb,ofat_threads,1GB,1075001664,dfd7ec8b626488fcfe7ef501d412b57d6ff7c8f734191ede6e3e19e4557079c7,o200k_base,leb128,lzma_fast,fast,subprocess_cli,library_batch,2097152,128,4,14.5166,13.4143,89.8373,117.7682,8.705,285186422,3.7694700065348834,258406311,7895.0,21.61,47.441,True,True,True,True,0.0,,done,2026-08-16T16:04:21Z,2026-08-16T16:06:40Z,./corpus/pg19_1gb.txt,dfd7ec8b626488fcfe7ef501d412b57d6ff7c8f734191ede6e3e19e4557079c7,139.5314,,
aae2589d2156,ofat_threads,1GB,1075001664,dfd7ec8b626488fcfe7ef501d412b57d6ff7c8f734191ede6e3e19e4557079c7,o200k_base,leb128,zstd_19,max,subprocess_cli,library_batch,2097152,128,1,53.1425,13.1934,260.1249,326.4608,3.14,291803435,3.68399249309728,258406311,6488.11,20.7711,49.357,True,True,True,True,0.0,,done,2026-08-16T16:06:40Z,2026-08-16T16:12:28Z,./corpus/pg19_1gb.txt,dfd7ec8b626488fcfe7ef501d412b57d6ff7c8f734191ede6e3e19e4557079c7,347.3908,,
344feb66d4b2,ofat_threads,1GB,1075001664,dfd7ec8b626488fcfe7ef501d412b57d6ff7c8f734191ede6e3e19e4557079c7,o200k_base,leb128,zstd_19,max,subprocess_cli,library_batch,2097152,128,4,15.4612,13.4989,84.6308,113.5909,9.025,291803435,3.68399249309728,258406311,6746.62,22.2158,46.147,True,True,True,True,0.0,,done,2026-08-16T16:12:28Z,2026-08-16T16:14:44Z,./corpus/pg19_1gb.txt,dfd7ec8b626488fcfe7ef501d412b57d6ff7c8f734191ede6e3e19e4557079c7,135.9637,,
e794ee6a1104,ofat_threads,1GB,1075001664,dfd7ec8b626488fcfe7ef501d412b57d6ff7c8f734191ede6e3e19e4557079c7,o200k_base,leb128,zstd_12,fast,subprocess_cli,library_batch,2097152,128,1,56.4277,13.4164,19.9512,89.7953,11.417,318241931,3.3779384778808423,258406311,6228.28,22.3729,45.823,True,True,True,True,0.0,,done,2026-08-16T16:14:44Z,2026-08-16T16:16:37Z,./corpus/pg19_1gb.txt,dfd7ec8b626488fcfe7ef501d412b57d6ff7c8f734191ede6e3e19e4557079c7,112.3451,,
741d961f7d66,ofat_threads,1GB,1075001664,dfd7ec8b626488fcfe7ef501d412b57d6ff7c8f734191ede6e3e19e4557079c7,o200k_base,leb128,zstd_12,fast,subprocess_cli,library_batch,2097152,128,4,15.5612,13.4407,7.5262,36.528,28.066,318241931,3.3779384778808423,258406311,6462.07,22.1901,46.201,True,True,True,True,0.0,,done,2026-08-16T16:16:37Z,2026-08-16T16:17:36Z,./corpus/pg19_1gb.txt,dfd7ec8b626488fcfe7ef501d412b57d6ff7c8f734191ede6e3e19e4557079c7,58.8821,,
c50de9619f1a,ofat_threads,1GB,1075001664,dfd7ec8b626488fcfe7ef501d412b57d6ff7c8f734191ede6e3e19e4557079c7,none,raw_utf8,lzma_extreme,max,subprocess_cli,library_batch,2097152,128,1,0.0,0.0,1059.9302,1059.9302,0.967,284632043,3.7768118187592816,0,720.16,9.5758,107.062,True,True,True,True,0.0,,done,2026-08-16T16:17:36Z,2026-08-16T16:35:25Z,./corpus/pg19_1gb.txt,dfd7ec8b626488fcfe7ef501d412b57d6ff7c8f734191ede6e3e19e4557079c7,1069.5063,,
26260120b94d,ofat_threads,1GB,1075001664,dfd7ec8b626488fcfe7ef501d412b57d6ff7c8f734191ede6e3e19e4557079c7,none,raw_utf8,lzma_extreme,max,subprocess_cli,library_batch,2097152,128,4,0.0,0.0,280.7563,280.7563,3.652,287959027,3.7331757757328443,0,3482.27,2.8881,354.973,True,True,True,True,0.0,,done,2026-08-16T16:35:25Z,2026-08-16T16:40:09Z,./corpus/pg19_1gb.txt,dfd7ec8b626488fcfe7ef501d412b57d6ff7c8f734191ede6e3e19e4557079c7,283.6448,,
b6303a49d32b,ofat_threads,1GB,1075001664,dfd7ec8b626488fcfe7ef501d412b57d6ff7c8f734191ede6e3e19e4557079c7,none,raw_utf8,lzma_fast,fast,subprocess_cli,library_batch,2097152,128,1,0.0,0.0,889.9219,889.9219,1.152,289310828,3.7157325615203036,0,416.33,7.8437,130.703,True,True,True,True,0.0,,done,2026-08-16T16:40:09Z,2026-08-16T16:55:07Z,./corpus/pg19_1gb.txt,dfd7ec8b626488fcfe7ef501d412b57d6ff7c8f734191ede6e3e19e4557079c7,897.766,,
4a56bbf2cc15,ofat_threads,1GB,1075001664,dfd7ec8b626488fcfe7ef501d412b57d6ff7c8f734191ede6e3e19e4557079c7,none,raw_utf8,lzma_fast,fast,subprocess_cli,library_batch,2097152,128,4,0.0,0.0,217.0945,217.0945,4.722,293256292,3.665741173594325,0,1901.28,2.254,454.828,True,True,True,True,0.0,,done,2026-08-16T16:55:07Z,2026-08-16T16:58:47Z,./corpus/pg19_1gb.txt,dfd7ec8b626488fcfe7ef501d412b57d6ff7c8f734191ede6e3e19e4557079c7,219.3489,,
dc85b60b7e15,ofat_threads,1GB,1075001664,dfd7ec8b626488fcfe7ef501d412b57d6ff7c8f734191ede6e3e19e4557079c7,none,raw_utf8,zstd_19,max,subprocess_cli,library_batch,2097152,128,1,0.0,0.0,764.7265,764.7265,1.341,300219192,3.5807226607951166,0,532.51,1.0649,962.709,True,True,True,True,0.0,,done,2026-08-16T16:58:47Z,2026-08-16T17:11:33Z,./corpus/pg19_1gb.txt,dfd7ec8b626488fcfe7ef501d412b57d6ff7c8f734191ede6e3e19e4557079c7,765.7917,,
e1696bf00566,ofat_threads,1GB,1075001664,dfd7ec8b626488fcfe7ef501d412b57d6ff7c8f734191ede6e3e19e4557079c7,none,raw_utf8,zstd_19,max,subprocess_cli,library_batch,2097152,128,4,0.0,0.0,230.641,230.641,4.445,300219192,3.5807226607951166,0,975.85,1.2814,800.036,True,True,True,True,0.0,,done,2026-08-16T17:11:33Z,2026-08-16T17:15:25Z,./corpus/pg19_1gb.txt,dfd7ec8b626488fcfe7ef501d412b57d6ff7c8f734191ede6e3e19e4557079c7,231.9227,,
fba339b8eacc,ofat_threads,1GB,1075001664,dfd7ec8b626488fcfe7ef501d412b57d6ff7c8f734191ede6e3e19e4557079c7,none,raw_utf8,zstd_12,fast,subprocess_cli,library_batch,2097152,128,1,0.0,0.0,53.2971,53.2971,19.236,337787664,3.182477569695973,0,349.58,1.1201,915.253,True,True,True,True,0.0,,done,2026-08-16T17:15:25Z,2026-08-16T17:16:19Z,./corpus/pg19_1gb.txt,dfd7ec8b626488fcfe7ef501d412b57d6ff7c8f734191ede6e3e19e4557079c7,54.4175,,
a93f22d842dd,ofat_threads,1GB,1075001664,dfd7ec8b626488fcfe7ef501d412b57d6ff7c8f734191ede6e3e19e4557079c7,none,raw_utf8,zstd_12,fast,subprocess_cli,library_batch,2097152,128,4,0.0,0.0,19.6124,19.6124,52.273,337787664,3.182477569695973,0,491.67,1.0259,999.366,True,True,True,True,0.0,,done,2026-08-16T17:16:19Z,2026-08-16T17:16:40Z,./corpus/pg19_1gb.txt,dfd7ec8b626488fcfe7ef501d412b57d6ff7c8f734191ede6e3e19e4557079c7,20.6385,,
d8798223f539,ofat_threads,1GB,1075001664,dfd7ec8b626488fcfe7ef501d412b57d6ff7c8f734191ede6e3e19e4557079c7,r50k_base,fixed_u16,lzma_extreme,max,subprocess_cli,library_batch,2097152,128,1,80.9232,5.6858,552.5236,639.1325,1.604,262101876,4.101464973871457,303622325,4559.61,20.9823,48.86,True,True,True,True,0.0,,done,2026-08-16T17:16:40Z,2026-08-16T17:27:41Z,./corpus/pg19_1gb.txt,dfd7ec8b626488fcfe7ef501d412b57d6ff7c8f734191ede6e3e19e4557079c7,660.1631,,
b05f11e18792,ofat_threads,1GB,1075001664,dfd7ec8b626488fcfe7ef501d412b57d6ff7c8f734191ede6e3e19e4557079c7,r50k_base,fixed_u16,lzma_extreme,max,subprocess_cli,library_batch,2097152,128,4,25.1358,5.7052,146.0471,176.8881,5.796,265566924,4.047950128006152,303622325,7272.76,13.8183,74.192,True,True,True,True,0.0,,done,2026-08-16T17:27:41Z,2026-08-16T17:30:52Z,./corpus/pg19_1gb.txt,dfd7ec8b626488fcfe7ef501d412b57d6ff7c8f734191ede6e3e19e4557079c7,190.8152,,
a9a24d0b2682,ofat_threads,1GB,1075001664,dfd7ec8b626488fcfe7ef501d412b57d6ff7c8f734191ede6e3e19e4557079c7,r50k_base,fixed_u16,lzma_fast,fast,subprocess_cli,library_batch,2097152,128,1,84.3192,5.7754,484.0993,574.1939,1.785,266294009,4.036897668246078,303622325,4292.94,22.7885,44.988,True,True,True,True,0.0,,done,2026-08-16T17:30:52Z,2026-08-16T17:40:49Z,./corpus/pg19_1gb.txt,dfd7ec8b626488fcfe7ef501d412b57d6ff7c8f734191ede6e3e19e4557079c7,597.0297,,
47e678b14ab7,ofat_threads,1GB,1075001664,dfd7ec8b626488fcfe7ef501d412b57d6ff7c8f734191ede6e3e19e4557079c7,r50k_base,fixed_u16,lzma_fast,fast,subprocess_cli,library_batch,2097152,128,4,25.9832,5.9165,144.1104,176.0101,5.825,270029253,3.9810563191092485,303622325,5854.43,13.9518,73.482,True,True,True,True,0.0,,done,2026-08-16T17:40:49Z,2026-08-16T17:44:00Z,./corpus/pg19_1gb.txt,dfd7ec8b626488fcfe7ef501d412b57d6ff7c8f734191ede6e3e19e4557079c7,190.0107,,
6c203238dbe0,ofat_threads,1GB,1075001664,dfd7ec8b626488fcfe7ef501d412b57d6ff7c8f734191ede6e3e19e4557079c7,r50k_base,fixed_u16,zstd_19,max,subprocess_cli,library_batch,2097152,128,1,82.6858,5.7205,320.6797,409.086,2.506,285382681,3.766877724440468,303622325,4431.99,12.8393,79.849,True,True,True,True,0.0,,done,2026-08-16T17:44:00Z,2026-08-16T17:51:02Z,./corpus/pg19_1gb.txt,dfd7ec8b626488fcfe7ef501d412b57d6ff7c8f734191ede6e3e19e4557079c7,421.9758,,
29f715c1f1bb,ofat_threads,1GB,1075001664,dfd7ec8b626488fcfe7ef501d412b57d6ff7c8f734191ede6e3e19e4557079c7,r50k_base,fixed_u16,zstd_19,max,subprocess_cli,library_batch,2097152,128,4,25.6591,5.7807,111.4073,142.847,7.177,285382681,3.766877724440468,303622325,4852.98,12.811,80.025,True,True,True,True,0.0,,done,2026-08-16T17:51:02Z,2026-08-16T17:53:38Z,./corpus/pg19_1gb.txt,dfd7ec8b626488fcfe7ef501d412b57d6ff7c8f734191ede6e3e19e4557079c7,155.7054,,
b35905cce16e,ofat_threads,1GB,1075001664,dfd7ec8b626488fcfe7ef501d412b57d6ff7c8f734191ede6e3e19e4557079c7,r50k_base,fixed_u16,zstd_12,fast,subprocess_cli,library_batch,2097152,128,1,83.9867,6.2271,28.5228,118.7365,8.634,318051169,3.3799645113079273,303622325,4330.56,13.5669,75.566,True,True,True,True,0.0,,done,2026-08-16T17:53:38Z,2026-08-16T17:55:50Z,./corpus/pg19_1gb.txt,dfd7ec8b626488fcfe7ef501d412b57d6ff7c8f734191ede6e3e19e4557079c7,132.3506,,
5d25234b6049,ofat_threads,1GB,1075001664,dfd7ec8b626488fcfe7ef501d412b57d6ff7c8f734191ede6e3e19e4557079c7,r50k_base,fixed_u16,zstd_12,fast,subprocess_cli,library_batch,2097152,128,4,24.2267,5.8687,10.5276,40.623,25.237,318051169,3.3799645113079273,303622325,4515.45,12.8232,79.949,True,True,True,True,0.0,,done,2026-08-16T17:55:50Z,2026-08-16T17:56:44Z,./corpus/pg19_1gb.txt,dfd7ec8b626488fcfe7ef501d412b57d6ff7c8f734191ede6e3e19e4557079c7,53.4939,,
38b48510eab8,ratio_grid,256MB,268504786,834ee677b77735629784778eb903d659e96708d0623d5da1a9f5fe92210bc4ed,none,raw_utf8,lzma_extreme,max,subprocess_cli,library_batch,2097152,128,20,0.0,0.0,129.7209,129.7209,1.974,72340347,3.711687835835236,0,1732.18,1.2925,198.112,True,True,True,True,0.0,,done,2026-08-16T07:17:29Z,2026-08-16T07:19:41Z,./corpus/pg19_256mb.txt,834ee677b77735629784778eb903d659e96708d0623d5da1a9f5fe92210bc4ed,131.0136,,
75f21dbaba99,ratio_grid,256MB,268504786,834ee677b77735629784778eb903d659e96708d0623d5da1a9f5fe92210bc4ed,none,raw_utf8,lzma_fast,fast,subprocess_cli,library_batch,2097152,128,20,0.0,0.0,59.1515,59.1515,4.329,73661152,3.645134222174532,0,1861.57,0.8433,303.637,True,True,True,True,0.0,,done,2026-08-16T07:19:41Z,2026-08-16T07:20:41Z,./corpus/pg19_256mb.txt,834ee677b77735629784778eb903d659e96708d0623d5da1a9f5fe92210bc4ed,59.9951,,
4f60ef09c1aa,ratio_grid,256MB,268504786,834ee677b77735629784778eb903d659e96708d0623d5da1a9f5fe92210bc4ed,none,raw_utf8,zstd_19,max,subprocess_cli,library_batch,2097152,128,20,0.0,0.0,58.9934,58.9934,4.341,75514458,3.555673881682366,0,837.73,0.2792,917.301,True,True,True,True,0.0,,done,2026-08-16T07:20:41Z,2026-08-16T07:21:40Z,./corpus/pg19_256mb.txt,834ee677b77735629784778eb903d659e96708d0623d5da1a9f5fe92210bc4ed,59.2729,,
aa2eda2e7c73,ratio_grid,256MB,268504786,834ee677b77735629784778eb903d659e96708d0623d5da1a9f5fe92210bc4ed,none,raw_utf8,zstd_12,fast,subprocess_cli,library_batch,2097152,128,20,0.0,0.0,3.5794,3.5794,71.539,84896172,3.1627431446496788,0,755.77,0.2697,949.315,True,True,True,True,0.0,,done,2026-08-16T07:21:40Z,2026-08-16T07:21:44Z,./corpus/pg19_256mb.txt,834ee677b77735629784778eb903d659e96708d0623d5da1a9f5fe92210bc4ed,3.8493,,
f0974a85efc7,ratio_grid,256MB,268504786,834ee677b77735629784778eb903d659e96708d0623d5da1a9f5fe92210bc4ed,none,raw_utf8,zstd_22_long,max,subprocess_cli,library_batch,2097152,128,20,0.0,0.0,244.4362,244.4362,1.048,72183218,3.7197674672802754,0,2031.03,0.3893,657.845,True,True,True,True,0.0,,done,2026-08-16T07:21:44Z,2026-08-16T07:25:49Z,./corpus/pg19_256mb.txt,834ee677b77735629784778eb903d659e96708d0623d5da1a9f5fe92210bc4ed,244.8256,,
54f5c6a9186c,ratio_grid,256MB,268504786,834ee677b77735629784778eb903d659e96708d0623d5da1a9f5fe92210bc4ed,none,raw_utf8,gzip_9,fast,subprocess_cli,library_batch,2097152,128,20,0.0,0.0,13.9792,13.9792,18.318,100135693,2.6814093751765418,0,50.69,1.4397,177.857,True,True,True,True,0.0,,done,2026-08-16T07:25:49Z,2026-08-16T07:26:05Z,./corpus/pg19_256mb.txt,834ee677b77735629784778eb903d659e96708d0623d5da1a9f5fe92210bc4ed,15.4191,,
627338e45d20,ratio_grid,256MB,268504786,834ee677b77735629784778eb903d659e96708d0623d5da1a9f5fe92210bc4ed,none,raw_utf8,bz2_9,fast,subprocess_cli,library_batch,2097152,128,20,0.0,0.0,13.1298,13.1298,19.503,75592164,3.5520187780310137,0,53.71,6.1925,41.351,True,True,True,True,0.0,,done,2026-08-16T07:26:05Z,2026-08-16T07:26:24Z,./corpus/pg19_256mb.txt,834ee677b77735629784778eb903d659e96708d0623d5da1a9f5fe92210bc4ed,19.3224,,
ebe891852288,ratio_grid,256MB,268504786,834ee677b77735629784778eb903d659e96708d0623d5da1a9f5fe92210bc4ed,o200k_base,leb128,lzma_extreme,max,subprocess_cli,library_batch,2097152,128,20,2.3978,3.8142,106.0378,112.2497,2.281,70415573,3.8131449416736265,64619159,5963.94,5.4243,47.207,True,True,True,True,0.0,,done,2026-08-16T07:26:24Z,2026-08-16T07:28:22Z,./corpus/pg19_256mb.txt,834ee677b77735629784778eb903d659e96708d0623d5da1a9f5fe92210bc4ed,117.8293,,
3d5566b44251,ratio_grid,256MB,268504786,834ee677b77735629784778eb903d659e96708d0623d5da1a9f5fe92210bc4ed,o200k_base,leb128,lzma_fast,fast,subprocess_cli,library_batch,2097152,128,20,2.506,3.561,46.44,52.5071,4.877,71664398,3.7466970140459424,64619159,6032.1,5.4886,46.654,True,True,True,True,0.0,,done,2026-08-16T07:28:22Z,2026-08-16T07:29:21Z,./corpus/pg19_256mb.txt,834ee677b77735629784778eb903d659e96708d0623d5da1a9f5fe92210bc4ed,58.1546,,
846f8a5c4d66,ratio_grid,256MB,268504786,834ee677b77735629784778eb903d659e96708d0623d5da1a9f5fe92210bc4ed,o200k_base,leb128,zstd_19,max,subprocess_cli,library_batch,2097152,128,20,2.3338,3.2882,42.2811,47.9031,5.345,73519826,3.652141206101331,64619159,6064.23,5.2235,49.022,True,True,True,True,0.0,,done,2026-08-16T07:29:21Z,2026-08-16T07:30:14Z,./corpus/pg19_256mb.txt,834ee677b77735629784778eb903d659e96708d0623d5da1a9f5fe92210bc4ed,53.2862,,
12bb0b5235ef,ratio_grid,256MB,268504786,834ee677b77735629784778eb903d659e96708d0623d5da1a9f5fe92210bc4ed,o200k_base,leb128,zstd_12,fast,subprocess_cli,library_batch,2097152,128,20,2.4624,3.165,2.7465,8.3738,30.579,80017726,3.355566315393667,64619159,5846.71,5.3035,48.282,True,True,True,True,0.0,,done,2026-08-16T07:30:14Z,2026-08-16T07:30:28Z,./corpus/pg19_256mb.txt,834ee677b77735629784778eb903d659e96708d0623d5da1a9f5fe92210bc4ed,13.8452,,
7fa90c6649d8,ratio_grid,256MB,268504786,834ee677b77735629784778eb903d659e96708d0623d5da1a9f5fe92210bc4ed,o200k_base,leb128,zstd_22_long,max,subprocess_cli,library_batch,2097152,128,20,2.368,3.2255,103.7375,109.331,2.342,70997400,3.781896041263483,64619159,6005.17,5.1728,49.503,True,True,True,True,0.0,,done,2026-08-16T07:30:28Z,2026-08-16T07:32:23Z,./corpus/pg19_256mb.txt,834ee677b77735629784778eb903d659e96708d0623d5da1a9f5fe92210bc4ed,114.6633,,
7ba3f52de8d8,ratio_grid,256MB,268504786,834ee677b77735629784778eb903d659e96708d0623d5da1a9f5fe92210bc4ed,o200k_base,leb128,gzip_9,fast,subprocess_cli,library_batch,2097152,128,20,2.4269,3.1191,5.6852,11.2312,22.8,91774171,2.925711919533438,64619159,5905.37,6.4686,39.586,True,True,True,True,0.0,,done,2026-08-16T07:32:23Z,2026-08-16T07:32:41Z,./corpus/pg19_256mb.txt,834ee677b77735629784778eb903d659e96708d0623d5da1a9f5fe92210bc4ed,17.8552,,
d1d25f5831d7,ratio_grid,256MB,268504786,834ee677b77735629784778eb903d659e96708d0623d5da1a9f5fe92210bc4ed,o200k_base,leb128,bz2_9,fast,subprocess_cli,library_batch,2097152,128,20,2.4074,3.7401,8.0361,14.1836,18.054,79532078,3.3760564636573434,64619159,5950.6,10.6582,24.025,True,True,True,True,0.0,,done,2026-08-16T07:32:41Z,2026-08-16T07:33:06Z,./corpus/pg19_256mb.txt,834ee677b77735629784778eb903d659e96708d0623d5da1a9f5fe92210bc4ed,25.0105,,
deb628e0f020,ratio_grid,256MB,268504786,834ee677b77735629784778eb903d659e96708d0623d5da1a9f5fe92210bc4ed,cl100k_base,leb128,lzma_extreme,max,subprocess_cli,library_batch,2097152,128,20,3.7509,3.7621,112.1221,119.6352,2.14,69934786,3.8393595141622368,65398469,5993.24,5.4377,47.091,True,True,True,True,0.0,,done,2026-08-16T07:33:06Z,2026-08-16T07:35:12Z,./corpus/pg19_256mb.txt,834ee677b77735629784778eb903d659e96708d0623d5da1a9f5fe92210bc4ed,125.1549,,
602d97b4c31f,ratio_grid,256MB,268504786,834ee677b77735629784778eb903d659e96708d0623d5da1a9f5fe92210bc4ed,cl100k_base,leb128,lzma_fast,fast,subprocess_cli,library_batch,2097152,128,20,3.7788,3.485,47.3202,54.584,4.691,71138815,3.774378108491124,65398469,6006.54,5.3539,47.828,True,True,True,True,0.0,,done,2026-08-16T07:35:12Z,2026-08-16T07:36:12Z,./corpus/pg19_256mb.txt,834ee677b77735629784778eb903d659e96708d0623d5da1a9f5fe92210bc4ed,60.0862,,
cc9c3fc284f8,ratio_grid,256MB,268504786,834ee677b77735629784778eb903d659e96708d0623d5da1a9f5fe92210bc4ed,cl100k_base,leb128,zstd_19,max,subprocess_cli,library_batch,2097152,128,20,3.7395,3.3942,41.6555,48.7891,5.248,73093335,3.673451019850168,65398469,6069.59,5.0887,50.32,True,True,True,True,0.0,,done,2026-08-16T07:36:12Z,2026-08-16T07:37:07Z,./corpus/pg19_256mb.txt,834ee677b77735629784778eb903d659e96708d0623d5da1a9f5fe92210bc4ed,53.9589,,
8233637bb947,ratio_grid,256MB,268504786,834ee677b77735629784778eb903d659e96708d0623d5da1a9f5fe92210bc4ed,cl100k_base,leb128,zstd_12,fast,subprocess_cli,library_batch,2097152,128,20,3.7588,3.387,2.9712,10.117,25.311,79520909,3.376530643028741,65398469,5970.78,5.1437,49.783,True,True,True,True,0.0,,done,2026-08-16T07:37:07Z,2026-08-16T07:37:22Z,./corpus/pg19_256mb.txt,834ee677b77735629784778eb903d659e96708d0623d5da1a9f5fe92210bc4ed,15.3419,,
229731d42980,ratio_grid,256MB,268504786,834ee677b77735629784778eb903d659e96708d0623d5da1a9f5fe92210bc4ed,cl100k_base,leb128,zstd_22_long,max,subprocess_cli,library_batch,2097152,128,20,3.4973,3.3954,102.4371,109.3298,2.342,70637365,3.8011721699981305,65398469,5980.02,5.1233,49.981,True,True,True,True,0.0,,done,2026-08-16T07:37:22Z,2026-08-16T07:39:17Z,./corpus/pg19_256mb.txt,834ee677b77735629784778eb903d659e96708d0623d5da1a9f5fe92210bc4ed,114.5333,,
674a9634124e,ratio_grid,256MB,268504786,834ee677b77735629784778eb903d659e96708d0623d5da1a9f5fe92210bc4ed,cl100k_base,leb128,gzip_9,fast,subprocess_cli,library_batch,2097152,128,20,3.6444,3.3441,5.6458,12.6343,20.268,90562778,2.9648470589097875,65398469,6078.69,5.8512,43.763,True,True,True,True,0.0,,done,2026-08-16T07:39:17Z,2026-08-16T07:39:35Z,./corpus/pg19_256mb.txt,834ee677b77735629784778eb903d659e96708d0623d5da1a9f5fe92210bc4ed,18.5666,,
46a512d31ad1,ratio_grid,256MB,268504786,834ee677b77735629784778eb903d659e96708d0623d5da1a9f5fe92210bc4ed,cl100k_base,leb128,bz2_9,fast,subprocess_cli,library_batch,2097152,128,20,3.6467,3.4106,7.5046,14.5619,17.585,78773205,3.408580189164577,65398469,6094.85,10.0066,25.59,True,True,True,True,0.0,,done,2026-08-16T07:39:35Z,2026-08-16T07:40:00Z,./corpus/pg19_256mb.txt,834ee677b77735629784778eb903d659e96708d0623d5da1a9f5fe92210bc4ed,24.6488,,
528245d8ae48,ratio_grid,256MB,268504786,834ee677b77735629784778eb903d659e96708d0623d5da1a9f5fe92210bc4ed,r50k_base,leb128,lzma_extreme,max,subprocess_cli,library_batch,2097152,128,20,3.3107,3.7891,97.5497,104.6495,2.447,70700628,3.797770876943271,75766084,6394.48,5.6004,45.723,True,True,True,True,0.0,,done,2026-08-16T07:40:00Z,2026-08-16T07:41:51Z,./corpus/pg19_256mb.txt,834ee677b77735629784778eb903d659e96708d0623d5da1a9f5fe92210bc4ed,110.3025,,
4cf4b8d9bd1b,ratio_grid,256MB,268504786,834ee677b77735629784778eb903d659e96708d0623d5da1a9f5fe92210bc4ed,r50k_base,leb128,lzma_fast,fast,subprocess_cli,library_batch,2097152,128,20,3.2429,3.7805,42.987,50.0103,5.12,71818169,3.7386749027255206,75766084,6443.77,5.6213,45.553,True,True,True,True,0.0,,done,2026-08-16T07:41:51Z,2026-08-16T07:42:47Z,./corpus/pg19_256mb.txt,834ee677b77735629784778eb903d659e96708d0623d5da1a9f5fe92210bc4ed,55.678,,
67f579c36218,ratio_grid,256MB,268504786,834ee677b77735629784778eb903d659e96708d0623d5da1a9f5fe92210bc4ed,r50k_base,leb128,zstd_19,max,subprocess_cli,library_batch,2097152,128,20,3.3676,3.7668,40.6158,47.7502,5.363,73652766,3.645549252013156,75766084,6338.18,5.4274,47.18,True,True,True,True,0.0,,done,2026-08-16T07:42:47Z,2026-08-16T07:43:40Z,./corpus/pg19_256mb.txt,834ee677b77735629784778eb903d659e96708d0623d5da1a9f5fe92210bc4ed,53.2231,,
1faf852088f3,ratio_grid,256MB,268504786,834ee677b77735629784778eb903d659e96708d0623d5da1a9f5fe92210bc4ed,r50k_base,leb128,zstd_12,fast,subprocess_cli,library_batch,2097152,128,20,3.3778,3.7572,2.7144,9.8495,25.998,80773425,3.3241723500024913,75766084,6322.04,5.4648,46.858,True,True,True,True,0.0,,done,2026-08-16T07:43:40Z,2026-08-16T07:43:56Z,./corpus/pg19_256mb.txt,834ee677b77735629784778eb903d659e96708d0623d5da1a9f5fe92210bc4ed,15.3604,,
0919aa310459,ratio_grid,256MB,268504786,834ee677b77735629784778eb903d659e96708d0623d5da1a9f5fe92210bc4ed,r50k_base,leb128,zstd_22_long,max,subprocess_cli,library_batch,2097152,128,20,3.5037,3.7635,107.1662,114.4334,2.238,71089058,3.7770198896150795,75766084,6302.82,5.403,47.393,True,True,True,True,0.0,,done,2026-08-16T07:43:56Z,2026-08-16T07:45:56Z,./corpus/pg19_256mb.txt,834ee677b77735629784778eb903d659e96708d0623d5da1a9f5fe92210bc4ed,119.8831,,
4de106b6c3d3,ratio_grid,256MB,268504786,834ee677b77735629784778eb903d659e96708d0623d5da1a9f5fe92210bc4ed,r50k_base,leb128,gzip_9,fast,subprocess_cli,library_batch,2097152,128,20,3.3181,3.7628,15.6666,22.7475,11.257,89672227,2.994291487820415,75766084,6325.76,6.2164,41.192,True,True,True,True,0.0,,done,2026-08-16T07:45:56Z,2026-08-16T07:46:25Z,./corpus/pg19_256mb.txt,834ee677b77735629784778eb903d659e96708d0623d5da1a9f5fe92210bc4ed,29.0098,,
9b522877c7c6,ratio_grid,256MB,268504786,834ee677b77735629784778eb903d659e96708d0623d5da1a9f5fe92210bc4ed,r50k_base,leb128,bz2_9,fast,subprocess_cli,library_batch,2097152,128,20,3.2713,3.7058,8.6229,15.6,16.414,78063763,3.4395573013819485,75766084,6286.45,10.46,24.48,True,True,True,True,0.0,,done,2026-08-16T07:46:25Z,2026-08-16T07:46:51Z,./corpus/pg19_256mb.txt,834ee677b77735629784778eb903d659e96708d0623d5da1a9f5fe92210bc4ed,26.1064,,
37edbf0b65ab,ratio_grid,256MB,268504786,834ee677b77735629784778eb903d659e96708d0623d5da1a9f5fe92210bc4ed,r50k_base,fixed_u16,lzma_extreme,max,subprocess_cli,library_batch,2097152,128,20,3.3972,1.3762,96.5589,101.3322,2.527,66872072,4.015200635625587,75766084,4056.7,3.197,80.096,True,True,True,True,0.0,,done,2026-08-16T07:46:51Z,2026-08-16T07:48:36Z,./corpus/pg19_256mb.txt,834ee677b77735629784778eb903d659e96708d0623d5da1a9f5fe92210bc4ed,104.5749,,
a61907ca5f67,ratio_grid,256MB,268504786,834ee677b77735629784778eb903d659e96708d0623d5da1a9f5fe92210bc4ed,r50k_base,fixed_u16,lzma_fast,fast,subprocess_cli,library_batch,2097152,128,20,3.3806,1.4032,42.8906,47.6744,5.371,67917689,3.9533851924790904,75766084,4223.2,3.0925,82.802,True,True,True,True,0.0,,done,2026-08-16T07:48:36Z,2026-08-16T07:49:27Z,./corpus/pg19_256mb.txt,834ee677b77735629784778eb903d659e96708d0623d5da1a9f5fe92210bc4ed,50.8117,,
46287b79116b,ratio_grid,256MB,268504786,834ee677b77735629784778eb903d659e96708d0623d5da1a9f5fe92210bc4ed,r50k_base,fixed_u16,lzma_tuned_lp1pb1,max,subprocess_cli,library_batch,2097152,128,20,3.3535,1.3753,95.2004,99.9292,2.562,66553385,4.034427189541148,75766084,4159.88,3.1457,81.402,True,True,True,True,0.0,,done,2026-08-16T07:49:27Z,2026-08-16T07:51:10Z,./corpus/pg19_256mb.txt,834ee677b77735629784778eb903d659e96708d0623d5da1a9f5fe92210bc4ed,103.1199,,
f13c732f15b2,ratio_grid,256MB,268504786,834ee677b77735629784778eb903d659e96708d0623d5da1a9f5fe92210bc4ed,r50k_base,fixed_u16,zstd_19,max,subprocess_cli,library_batch,2097152,128,20,3.3321,1.3825,39.4838,44.1985,5.794,71850344,3.737000702460102,75766084,4110.68,2.9287,87.432,True,True,True,True,0.0,,done,2026-08-16T07:51:10Z,2026-08-16T07:51:57Z,./corpus/pg19_256mb.txt,834ee677b77735629784778eb903d659e96708d0623d5da1a9f5fe92210bc4ed,47.1716,,
0b14238e0e1c,ratio_grid,256MB,268504786,834ee677b77735629784778eb903d659e96708d0623d5da1a9f5fe92210bc4ed,r50k_base,fixed_u16,zstd_12,fast,subprocess_cli,library_batch,2097152,128,20,3.3607,1.3863,2.7337,7.4807,34.23,79903208,3.360375543369923,75766084,4059.57,2.9321,87.333,True,True,True,True,0.0,,done,2026-08-16T07:51:57Z,2026-08-16T07:52:08Z,./corpus/pg19_256mb.txt,834ee677b77735629784778eb903d659e96708d0623d5da1a9f5fe92210bc4ed,10.4584,,
5f490088805b,ratio_grid,256MB,268504786,834ee677b77735629784778eb903d659e96708d0623d5da1a9f5fe92210bc4ed,r50k_base,fixed_u16,zstd_22_long,max,subprocess_cli,library_batch,2097152,128,20,3.4136,1.3132,106.8693,111.5961,2.295,69386459,3.8697000808183626,75766084,4904.54,2.9761,86.04,True,True,True,True,0.0,,done,2026-08-16T07:52:08Z,2026-08-16T07:54:03Z,./corpus/pg19_256mb.txt,834ee677b77735629784778eb903d659e96708d0623d5da1a9f5fe92210bc4ed,114.6193,,
22a82c9d7ce1,ratio_grid,256MB,268504786,834ee677b77735629784778eb903d659e96708d0623d5da1a9f5fe92210bc4ed,r50k_base,fixed_u16,gzip_9,fast,subprocess_cli,library_batch,2097152,128,20,3.2086,1.3574,15.7837,20.3497,12.583,87097074,3.082822116389352,75766084,3921.06,3.6906,69.383,True,True,True,True,0.0,,done,2026-08-16T07:54:03Z,2026-08-16T07:54:27Z,./corpus/pg19_256mb.txt,834ee677b77735629784778eb903d659e96708d0623d5da1a9f5fe92210bc4ed,24.0859,,
4583e03c0463,ratio_grid,256MB,268504786,834ee677b77735629784778eb903d659e96708d0623d5da1a9f5fe92210bc4ed,r50k_base,fixed_u16,bz2_9,fast,subprocess_cli,library_batch,2097152,128,20,3.4328,1.3671,8.9139,13.7138,18.672,78785652,3.4080416825134607,75766084,3952.71,7.7686,32.962,True,True,True,True,0.0,,done,2026-08-16T07:54:27Z,2026-08-16T07:54:49Z,./corpus/pg19_256mb.txt,834ee677b77735629784778eb903d659e96708d0623d5da1a9f5fe92210bc4ed,21.529,,
5153018a42c6,ratio_grid,256MB,268504786,834ee677b77735629784778eb903d659e96708d0623d5da1a9f5fe92210bc4ed,p50k_base,leb128,lzma_extreme,max,subprocess_cli,library_batch,2097152,128,20,3.3553,3.6338,97.7532,104.7423,2.445,70475912,3.809880260932274,73340134,6283.06,5.4039,47.386,True,True,True,True,0.0,,done,2026-08-16T07:54:49Z,2026-08-16T07:56:39Z,./corpus/pg19_256mb.txt,834ee677b77735629784778eb903d659e96708d0623d5da1a9f5fe92210bc4ed,110.1965,,
165d9369123f,ratio_grid,256MB,268504786,834ee677b77735629784778eb903d659e96708d0623d5da1a9f5fe92210bc4ed,p50k_base,leb128,lzma_fast,fast,subprocess_cli,library_batch,2097152,128,20,3.4624,3.5679,43.3507,50.381,5.083,71573837,3.75143763775023,73340134,6096.7,5.4641,46.864,True,True,True,True,0.0,,done,2026-08-16T07:56:39Z,2026-08-16T07:57:35Z,./corpus/pg19_256mb.txt,834ee677b77735629784778eb903d659e96708d0623d5da1a9f5fe92210bc4ed,55.8951,,
58ea6efdfcfd,ratio_grid,256MB,268504786,834ee677b77735629784778eb903d659e96708d0623d5da1a9f5fe92210bc4ed,p50k_base,leb128,zstd_19,max,subprocess_cli,library_batch,2097152,128,20,3.2745,3.4867,40.423,47.1842,5.427,73456878,3.6552708651734425,73340134,6249.86,5.2363,48.903,True,True,True,True,0.0,,done,2026-08-16T07:57:35Z,2026-08-16T07:58:28Z,./corpus/pg19_256mb.txt,834ee677b77735629784778eb903d659e96708d0623d5da1a9f5fe92210bc4ed,52.4661,,
c1f08f481f81,ratio_grid,256MB,268504786,834ee677b77735629784778eb903d659e96708d0623d5da1a9f5fe92210bc4ed,p50k_base,leb128,zstd_12,fast,subprocess_cli,library_batch,2097152,128,20,3.2041,3.5017,2.7057,9.4114,27.208,80577692,3.3322471683601957,73340134,6229.41,5.2443,48.827,True,True,True,True,0.0,,done,2026-08-16T07:58:28Z,2026-08-16T07:58:43Z,./corpus/pg19_256mb.txt,834ee677b77735629784778eb903d659e96708d0623d5da1a9f5fe92210bc4ed,14.702,,
d1e0e637876c,ratio_grid,256MB,268504786,834ee677b77735629784778eb903d659e96708d0623d5da1a9f5fe92210bc4ed,p50k_base,leb128,zstd_22_long,max,subprocess_cli,library_batch,2097152,128,20,3.3067,3.4798,104.2777,111.0642,2.306,70935161,3.7852143029604175,73340134,6296.22,5.2674,48.613,True,True,True,True,0.0,,done,2026-08-16T07:58:43Z,2026-08-16T08:00:39Z,./corpus/pg19_256mb.txt,834ee677b77735629784778eb903d659e96708d0623d5da1a9f5fe92210bc4ed,116.378,,
2debd2341d57,ratio_grid,256MB,268504786,834ee677b77735629784778eb903d659e96708d0623d5da1a9f5fe92210bc4ed,p50k_base,leb128,gzip_9,fast,subprocess_cli,library_batch,2097152,128,20,3.3587,3.5107,15.1662,22.0355,11.621,89492420,3.0003075791223437,73340134,6303.96,6.0241,42.507,True,True,True,True,0.0,,done,2026-08-16T08:00:39Z,2026-08-16T08:01:08Z,./corpus/pg19_256mb.txt,834ee677b77735629784778eb903d659e96708d0623d5da1a9f5fe92210bc4ed,28.1044,,
167e567c6fb3,ratio_grid,256MB,268504786,834ee677b77735629784778eb903d659e96708d0623d5da1a9f5fe92210bc4ed,p50k_base,leb128,bz2_9,fast,subprocess_cli,library_batch,2097152,128,20,3.2932,3.507,8.2392,15.0394,17.026,77984623,3.443047817260077,73340134,6203.74,10.2394,25.008,True,True,True,True,0.0,,done,2026-08-16T08:01:08Z,2026-08-16T08:01:33Z,./corpus/pg19_256mb.txt,834ee677b77735629784778eb903d659e96708d0623d5da1a9f5fe92210bc4ed,25.3246,,
aa909b26a427,ratio_grid,256MB,268504786,834ee677b77735629784778eb903d659e96708d0623d5da1a9f5fe92210bc4ed,p50k_base,fixed_u16,lzma_extreme,max,subprocess_cli,library_batch,2097152,128,20,3.3829,1.3428,97.577,102.3026,2.503,66635504,4.029455318594124,73340134,4073.02,3.092,82.815,True,True,True,True,0.0,,done,2026-08-16T08:01:33Z,2026-08-16T08:03:19Z,./corpus/pg19_256mb.txt,834ee677b77735629784778eb903d659e96708d0623d5da1a9f5fe92210bc4ed,105.4423,,
5810e450b996,ratio_grid,256MB,268504786,834ee677b77735629784778eb903d659e96708d0623d5da1a9f5fe92210bc4ed,p50k_base,fixed_u16,lzma_fast,fast,subprocess_cli,library_batch,2097152,128,20,3.3368,1.3198,43.7669,48.4235,5.288,67661245,3.968368982864563,73340134,4019.75,3.103,82.521,True,True,True,True,0.0,,done,2026-08-16T08:03:19Z,2026-08-16T08:04:10Z,./corpus/pg19_256mb.txt,834ee677b77735629784778eb903d659e96708d0623d5da1a9f5fe92210bc4ed,51.5713,,
cfc42f305701,ratio_grid,256MB,268504786,834ee677b77735629784778eb903d659e96708d0623d5da1a9f5fe92210bc4ed,p50k_base,fixed_u16,lzma_tuned_lp1pb1,max,subprocess_cli,library_batch,2097152,128,20,3.4909,1.3565,97.9377,102.7851,2.491,66316481,4.048839473252508,73340134,4046.29,3.1151,82.201,True,True,True,True,0.0,,done,2026-08-16T08:04:10Z,2026-08-16T08:05:56Z,./corpus/pg19_256mb.txt,834ee677b77735629784778eb903d659e96708d0623d5da1a9f5fe92210bc4ed,105.9458,,
9863f0864f1f,ratio_grid,256MB,268504786,834ee677b77735629784778eb903d659e96708d0623d5da1a9f5fe92210bc4ed,p50k_base,fixed_u16,zstd_19,max,subprocess_cli,library_batch,2097152,128,20,3.3407,1.3295,40.488,45.1582,5.67,71624723,3.74877241759106,73340134,4071.71,2.9256,87.525,True,True,True,True,0.0,,done,2026-08-16T08:05:56Z,2026-08-16T08:06:45Z,./corpus/pg19_256mb.txt,834ee677b77735629784778eb903d659e96708d0623d5da1a9f5fe92210bc4ed,48.1292,,
93c689102156,ratio_grid,256MB,268504786,834ee677b77735629784778eb903d659e96708d0623d5da1a9f5fe92210bc4ed,p50k_base,fixed_u16,zstd_12,fast,subprocess_cli,library_batch,2097152,128,20,3.3276,1.3241,2.7504,7.4021,34.594,79792851,3.365023089599844,73340134,3979.14,2.8927,88.522,True,True,True,True,0.0,,done,2026-08-16T08:06:45Z,2026-08-16T08:06:55Z,./corpus/pg19_256mb.txt,834ee677b77735629784778eb903d659e96708d0623d5da1a9f5fe92210bc4ed,10.3415,,
8005d94c6871,ratio_grid,256MB,268504786,834ee677b77735629784778eb903d659e96708d0623d5da1a9f5fe92210bc4ed,p50k_base,fixed_u16,zstd_22_long,max,subprocess_cli,library_batch,2097152,128,20,3.3972,1.28,105.918,110.5951,2.315,69172366,3.881677055834696,73340134,5055.36,2.9442,86.972,True,True,True,True,0.0,,done,2026-08-16T08:06:55Z,2026-08-16T08:08:49Z,./corpus/pg19_256mb.txt,834ee677b77735629784778eb903d659e96708d0623d5da1a9f5fe92210bc4ed,113.5862,,
27ea9a8547ab,ratio_grid,256MB,268504786,834ee677b77735629784778eb903d659e96708d0623d5da1a9f5fe92210bc4ed,p50k_base,fixed_u16,gzip_9,fast,subprocess_cli,library_batch,2097152,128,20,3.3232,1.3302,15.7876,20.4409,12.527,86896789,3.0899275921461262,73340134,3892.56,3.7006,69.196,True,True,True,True,0.0,,done,2026-08-16T08:08:49Z,2026-08-16T08:09:13Z,./corpus/pg19_256mb.txt,834ee677b77735629784778eb903d659e96708d0623d5da1a9f5fe92210bc4ed,24.1896,,
636420eab061,ratio_grid,256MB,268504786,834ee677b77735629784778eb903d659e96708d0623d5da1a9f5fe92210bc4ed,p50k_base,fixed_u16,bz2_9,fast,subprocess_cli,library_batch,2097152,128,20,3.4537,1.3263,8.4583,13.2383,19.343,78660034,3.41348423520895,73340134,3950.2,7.7137,33.196,True,True,True,True,0.0,,done,2026-08-16T08:09:13Z,2026-08-16T08:09:35Z,./corpus/pg19_256mb.txt,834ee677b77735629784778eb903d659e96708d0623d5da1a9f5fe92210bc4ed,20.9974,,
325116ace470,ofat_threads,256MB,268504786,834ee677b77735629784778eb903d659e96708d0623d5da1a9f5fe92210bc4ed,o200k_base,leb128,lzma_extreme,max,subprocess_cli,library_batch,2097152,128,1,11.5887,3.2595,104.7793,119.6276,2.141,70341561,3.817157057404512,64619159,5949.66,7.1316,35.906,True,True,True,True,0.0,,done,2026-08-16T08:09:36Z,2026-08-16T08:11:43Z,./corpus/pg19_256mb.txt,834ee677b77735629784778eb903d659e96708d0623d5da1a9f5fe92210bc4ed,126.9167,,
ebe0115a9733,ofat_threads,256MB,268504786,834ee677b77735629784778eb903d659e96708d0623d5da1a9f5fe92210bc4ed,o200k_base,leb128,lzma_extreme,max,subprocess_cli,library_batch,2097152,128,4,4.0903,3.1861,102.5453,109.8217,2.332,70415573,3.8131449416736265,64619159,6025.46,5.4231,47.218,True,True,True,True,0.0,,done,2026-08-16T08:11:43Z,2026-08-16T08:13:39Z,./corpus/pg19_256mb.txt,834ee677b77735629784778eb903d659e96708d0623d5da1a9f5fe92210bc4ed,115.4044,,
2dd8ef6d75f5,ofat_layout,256MB,268504786,834ee677b77735629784778eb903d659e96708d0623d5da1a9f5fe92210bc4ed,o200k_base,leb128,lzma_extreme,max,subprocess_cli,manual_pool,2097152,128,20,2.5115,3.0978,102.7879,108.3973,2.362,70415573,3.8131449416736265,64619159,5906.79,5.3476,47.884,True,True,True,True,0.0,,done,2026-08-16T08:13:39Z,2026-08-16T08:15:33Z,./corpus/pg19_256mb.txt,834ee677b77735629784778eb903d659e96708d0623d5da1a9f5fe92210bc4ed,113.8973,,
3c1650294eb3,ofat_layout,256MB,268504786,834ee677b77735629784778eb903d659e96708d0623d5da1a9f5fe92210bc4ed,o200k_base,leb128,lzma_extreme,max,subprocess_cli,process_pool,2097152,128,20,2.5882,3.4112,104.1134,110.1128,2.325,70415573,3.8131449416736265,64619159,7893.71,5.3897,47.51,True,True,True,True,0.4739,,done,2026-08-16T08:15:33Z,2026-08-16T08:17:29Z,./corpus/pg19_256mb.txt,834ee677b77735629784778eb903d659e96708d0623d5da1a9f5fe92210bc4ed,116.141,,
bbe67b803e86,ofat_transport,256MB,268504786,834ee677b77735629784778eb903d659e96708d0623d5da1a9f5fe92210bc4ed,o200k_base,leb128,lzma_extreme,max,in_process_binding,library_batch,2097152,128,20,2.4131,3.2667,105.7112,111.391,2.299,70341565,3.817156840340416,64619159,6048.44,7.8958,32.431,True,True,True,True,0.0,,done,2026-08-16T15:40:41Z,2026-08-16T15:42:41Z,./corpus/pg19_256mb.txt,834ee677b77735629784778eb903d659e96708d0623d5da1a9f5fe92210bc4ed,119.4593,,
ef8e99ad2a87,ofat_chunk_size,256MB,268504786,834ee677b77735629784778eb903d659e96708d0623d5da1a9f5fe92210bc4ed,o200k_base,leb128,lzma_extreme,max,subprocess_cli,library_batch,1048576,128,20,2.4428,3.2578,112.2261,117.9267,2.171,70415573,3.8131449416736265,64619159,3049.16,5.4388,47.081,True,True,True,True,0.0,,done,2026-08-17T02:02:55Z,2026-08-17T02:04:58Z,./corpus/pg19_256mb.txt,834ee677b77735629784778eb903d659e96708d0623d5da1a9f5fe92210bc4ed,123.5233,135232016,0
2e8e65da6bbc,ofat_chunk_size,256MB,268504786,834ee677b77735629784778eb903d659e96708d0623d5da1a9f5fe92210bc4ed,o200k_base,leb128,lzma_extreme,max,subprocess_cli,library_batch,4194304,128,20,2.6116,3.4507,110.6661,116.7284,2.194,70415573,3.8131449416736265,64619159,6095.56,5.6499,45.322,True,True,True,True,0.0,,done,2026-08-17T02:04:58Z,2026-08-17T02:07:01Z,./corpus/pg19_256mb.txt,834ee677b77735629784778eb903d659e96708d0623d5da1a9f5fe92210bc4ed,122.5483,135232016,0
795c31c55f9d,ofat_batch_chunks,256MB,268504786,834ee677b77735629784778eb903d659e96708d0623d5da1a9f5fe92210bc4ed,o200k_base,leb128,lzma_extreme,max,subprocess_cli,library_batch,2097152,64,20,2.6122,3.2161,113.1778,119.0061,2.152,70415573,3.8131449416736265,64619159,3232.25,5.5612,46.045,True,True,True,True,0.0,,done,2026-08-17T02:07:01Z,2026-08-17T02:09:06Z,./corpus/pg19_256mb.txt,834ee677b77735629784778eb903d659e96708d0623d5da1a9f5fe92210bc4ed,124.7241,135232016,0
6a39a5fa1673,ofat_batch_chunks,256MB,268504786,834ee677b77735629784778eb903d659e96708d0623d5da1a9f5fe92210bc4ed,o200k_base,leb128,lzma_extreme,max,subprocess_cli,library_batch,2097152,256,20,2.4536,3.2233,110.4205,116.0975,2.206,70415573,3.8131449416736265,64619159,5905.12,5.5107,46.467,True,True,True,True,0.0,,done,2026-08-17T02:09:06Z,2026-08-17T02:11:08Z,./corpus/pg19_256mb.txt,834ee677b77735629784778eb903d659e96708d0623d5da1a9f5fe92210bc4ed,121.7752,135232016,0
5a6fd7dcc4f0,ofat_threads,256MB,268504786,834ee677b77735629784778eb903d659e96708d0623d5da1a9f5fe92210bc4ed,o200k_base,leb128,lzma_fast,fast,subprocess_cli,library_batch,2097152,128,1,12.0887,3.1295,100.7592,115.9773,2.208,71107410,3.7760450844715057,64619159,5839.72,7.6992,33.259,True,True,True,True,0.0,,done,2026-08-17T02:11:08Z,2026-08-17T02:13:12Z,./corpus/pg19_256mb.txt,834ee677b77735629784778eb903d659e96708d0623d5da1a9f5fe92210bc4ed,123.8335,135232016,0
239b7fe83dfb,ofat_threads,256MB,268504786,834ee677b77735629784778eb903d659e96708d0623d5da1a9f5fe92210bc4ed,o200k_base,leb128,lzma_fast,fast,subprocess_cli,library_batch,2097152,128,4,4.622,3.2753,50.46,58.3573,4.388,71664398,3.7466970140459424,64619159,5942.77,5.5006,46.553,True,True,True,True,0.0,,done,2026-08-17T02:13:12Z,2026-08-17T02:14:16Z,./corpus/pg19_256mb.txt,834ee677b77735629784778eb903d659e96708d0623d5da1a9f5fe92210bc4ed,64.0237,135232016,0
bcf57df10628,ofat_layout,256MB,268504786,834ee677b77735629784778eb903d659e96708d0623d5da1a9f5fe92210bc4ed,o200k_base,leb128,lzma_fast,fast,subprocess_cli,manual_pool,2097152,128,20,2.426,3.158,49.1489,54.7329,4.678,71664398,3.7466970140459424,64619159,6037.78,5.5483,46.152,True,True,True,True,0.0,,done,2026-08-17T02:14:16Z,2026-08-17T02:15:17Z,./corpus/pg19_256mb.txt,834ee677b77735629784778eb903d659e96708d0623d5da1a9f5fe92210bc4ed,60.4388,135232016,0
d225b7ddf057,ofat_layout,256MB,268504786,834ee677b77735629784778eb903d659e96708d0623d5da1a9f5fe92210bc4ed,o200k_base,leb128,lzma_fast,fast,subprocess_cli,process_pool,2097152,128,20,2.3959,3.3331,50.7089,56.4379,4.537,71664398,3.7466970140459424,64619159,7946.47,5.5633,46.028,True,True,True,True,0.552,,done,2026-08-17T02:15:17Z,2026-08-17T02:16:20Z,./corpus/pg19_256mb.txt,834ee677b77735629784778eb903d659e96708d0623d5da1a9f5fe92210bc4ed,62.728,135232016,0
266c08217d8b,ofat_transport,256MB,268504786,834ee677b77735629784778eb903d659e96708d0623d5da1a9f5fe92210bc4ed,o200k_base,leb128,lzma_fast,fast,in_process_binding,library_batch,2097152,128,20,2.421,3.3609,98.3408,104.1227,2.459,71107414,3.7760448720579265,64619159,6117.88,7.8985,32.419,True,True,True,True,0.0,,done,2026-08-17T02:16:20Z,2026-08-17T02:18:12Z,./corpus/pg19_256mb.txt,834ee677b77735629784778eb903d659e96708d0623d5da1a9f5fe92210bc4ed,112.1804,135232016,0
9c91448ae9e9,ofat_chunk_size,256MB,268504786,834ee677b77735629784778eb903d659e96708d0623d5da1a9f5fe92210bc4ed,o200k_base,leb128,lzma_fast,fast,subprocess_cli,library_batch,1048576,128,20,2.3836,3.2507,46.433,52.0673,4.918,71664398,3.7466970140459424,64619159,3215.98,5.6155,45.6,True,True,True,True,0.0,,done,2026-08-17T02:18:12Z,2026-08-17T02:19:10Z,./corpus/pg19_256mb.txt,834ee677b77735629784778eb903d659e96708d0623d5da1a9f5fe92210bc4ed,57.8443,135232016,0
511da3be9567,ofat_chunk_size,256MB,268504786,834ee677b77735629784778eb903d659e96708d0623d5da1a9f5fe92210bc4ed,o200k_base,leb128,lzma_fast,fast,subprocess_cli,library_batch,4194304,128,20,2.4049,3.2598,52.6635,58.3283,4.39,71664398,3.7466970140459424,64619159,6035.75,5.5537,46.107,True,True,True,True,0.0,,done,2026-08-17T02:19:10Z,2026-08-17T02:20:15Z,./corpus/pg19_256mb.txt,834ee677b77735629784778eb903d659e96708d0623d5da1a9f5fe92210bc4ed,64.0555,135232016,0
fb9ef7b9a180,ofat_batch_chunks,256MB,268504786,834ee677b77735629784778eb903d659e96708d0623d5da1a9f5fe92210bc4ed,o200k_base,leb128,lzma_fast,fast,subprocess_cli,library_batch,2097152,64,20,2.6312,3.2811,46.4898,52.4021,4.887,71664398,3.7466970140459424,64619159,3209.11,5.4727,46.79,True,True,True,True,0.0,,done,2026-08-17T02:20:15Z,2026-08-17T02:21:13Z,./corpus/pg19_256mb.txt,834ee677b77735629784778eb903d659e96708d0623d5da1a9f5fe92210bc4ed,58.0333,135232016,0
6dd109e24eff,ofat_batch_chunks,256MB,268504786,834ee677b77735629784778eb903d659e96708d0623d5da1a9f5fe92210bc4ed,o200k_base,leb128,lzma_fast,fast,subprocess_cli,library_batch,2097152,256,20,2.2964,3.1346,46.8075,52.2385,4.902,71664398,3.7466970140459424,64619159,6060.42,5.4343,47.12,True,True,True,True,0.0,,done,2026-08-17T02:21:13Z,2026-08-17T02:22:11Z,./corpus/pg19_256mb.txt,834ee677b77735629784778eb903d659e96708d0623d5da1a9f5fe92210bc4ed,57.8471,135232016,0
6dafc89aff9c,ofat_threads,256MB,268504786,834ee677b77735629784778eb903d659e96708d0623d5da1a9f5fe92210bc4ed,o200k_base,leb128,zstd_19,max,subprocess_cli,library_batch,2097152,128,1,11.6547,3.2312,78.7734,93.6593,2.734,73519826,3.652141206101331,64619159,6069.75,5.3501,47.862,True,True,True,True,0.0,,done,2026-08-17T02:22:11Z,2026-08-17T02:23:50Z,./corpus/pg19_256mb.txt,834ee677b77735629784778eb903d659e96708d0623d5da1a9f5fe92210bc4ed,99.1676,135232016,0
beb441e8cbef,ofat_threads,256MB,268504786,834ee677b77735629784778eb903d659e96708d0623d5da1a9f5fe92210bc4ed,o200k_base,leb128,zstd_19,max,subprocess_cli,library_batch,2097152,128,4,4.2105,3.1729,45.9491,53.3326,4.801,73519826,3.652141206101331,64619159,5861.89,5.434,47.123,True,True,True,True,0.0,,done,2026-08-17T02:23:50Z,2026-08-17T02:24:49Z,./corpus/pg19_256mb.txt,834ee677b77735629784778eb903d659e96708d0623d5da1a9f5fe92210bc4ed,58.932,135232016,0
57ea6baa74d3,ofat_layout,256MB,268504786,834ee677b77735629784778eb903d659e96708d0623d5da1a9f5fe92210bc4ed,o200k_base,leb128,zstd_19,max,subprocess_cli,manual_pool,2097152,128,20,2.4491,3.2407,44.1939,49.8836,5.133,73519826,3.652141206101331,64619159,5918.94,5.2647,48.638,True,True,True,True,0.0,,done,2026-08-17T02:24:49Z,2026-08-17T02:25:45Z,./corpus/pg19_256mb.txt,834ee677b77735629784778eb903d659e96708d0623d5da1a9f5fe92210bc4ed,55.3136,135232016,0
4b35ca4123f0,ofat_layout,256MB,268504786,834ee677b77735629784778eb903d659e96708d0623d5da1a9f5fe92210bc4ed,o200k_base,leb128,zstd_19,max,subprocess_cli,process_pool,2097152,128,20,2.4501,3.1897,44.9198,50.5595,5.065,73519826,3.652141206101331,64619159,7890.56,5.3701,47.683,True,True,True,True,0.4594,,done,2026-08-17T02:25:45Z,2026-08-17T02:26:42Z,./corpus/pg19_256mb.txt,834ee677b77735629784778eb903d659e96708d0623d5da1a9f5fe92210bc4ed,56.5626,135232016,0
dce6f4760f65,ofat_transport,256MB,268504786,834ee677b77735629784778eb903d659e96708d0623d5da1a9f5fe92210bc4ed,o200k_base,leb128,zstd_19,max,in_process_binding,library_batch,2097152,128,20,2.4742,3.1365,45.9032,51.5139,4.971,73519826,3.652141206101331,64619159,5991.37,5.9832,42.797,True,True,True,True,0.0,,done,2026-08-17T02:26:42Z,2026-08-17T02:27:39Z,./corpus/pg19_256mb.txt,834ee677b77735629784778eb903d659e96708d0623d5da1a9f5fe92210bc4ed,57.6566,135232016,0
07db0efe284e,ofat_chunk_size,256MB,268504786,834ee677b77735629784778eb903d659e96708d0623d5da1a9f5fe92210bc4ed,o200k_base,leb128,zstd_19,max,subprocess_cli,library_batch,1048576,128,20,2.5351,3.2756,44.1598,49.9705,5.124,73519826,3.652141206101331,64619159,3257.89,5.4022,47.4,True,True,True,True,0.0,,done,2026-08-17T02:27:39Z,2026-08-17T02:28:35Z,./corpus/pg19_256mb.txt,834ee677b77735629784778eb903d659e96708d0623d5da1a9f5fe92210bc4ed,55.5309,135232016,0
a40de657e0e5,ofat_chunk_size,256MB,268504786,834ee677b77735629784778eb903d659e96708d0623d5da1a9f5fe92210bc4ed,o200k_base,leb128,zstd_19,max,subprocess_cli,library_batch,4194304,128,20,2.5577,3.1663,44.7372,50.4612,5.075,73519826,3.652141206101331,64619159,5925.48,5.4254,47.198,True,True,True,True,0.0,,done,2026-08-17T02:28:35Z,2026-08-17T02:29:31Z,./corpus/pg19_256mb.txt,834ee677b77735629784778eb903d659e96708d0623d5da1a9f5fe92210bc4ed,56.0517,135232016,0
6677704157b5,ofat_batch_chunks,256MB,268504786,834ee677b77735629784778eb903d659e96708d0623d5da1a9f5fe92210bc4ed,o200k_base,leb128,zstd_19,max,subprocess_cli,library_batch,2097152,64,20,2.5683,3.327,46.3607,52.2561,4.9,73519826,3.652141206101331,64619159,3260.59,5.2551,48.727,True,True,True,True,0.0,,done,2026-08-17T02:29:31Z,2026-08-17T02:30:29Z,./corpus/pg19_256mb.txt,834ee677b77735629784778eb903d659e96708d0623d5da1a9f5fe92210bc4ed,57.6726,135232016,0
378a0605e215,ofat_batch_chunks,256MB,268504786,834ee677b77735629784778eb903d659e96708d0623d5da1a9f5fe92210bc4ed,o200k_base,leb128,zstd_19,max,subprocess_cli,library_batch,2097152,256,20,2.436,3.2259,46.7879,52.4497,4.882,73519826,3.652141206101331,64619159,5848.05,5.241,48.858,True,True,True,True,0.0,,done,2026-08-17T02:30:29Z,2026-08-17T02:31:27Z,./corpus/pg19_256mb.txt,834ee677b77735629784778eb903d659e96708d0623d5da1a9f5fe92210bc4ed,57.8591,135232016,0
43c0beeef052,ofat_threads,256MB,268504786,834ee677b77735629784778eb903d659e96708d0623d5da1a9f5fe92210bc4ed,o200k_base,leb128,zstd_12,fast,subprocess_cli,library_batch,2097152,128,1,12.3148,3.1412,5.6633,21.1194,12.125,80017726,3.355566315393667,64619159,6000.39,5.3548,47.82,True,True,True,True,0.0,,done,2026-08-17T02:31:27Z,2026-08-17T02:31:54Z,./corpus/pg19_256mb.txt,834ee677b77735629784778eb903d659e96708d0623d5da1a9f5fe92210bc4ed,26.6317,135232016,0
3d25733bec38,ofat_threads,256MB,268504786,834ee677b77735629784778eb903d659e96708d0623d5da1a9f5fe92210bc4ed,o200k_base,leb128,zstd_12,fast,subprocess_cli,library_batch,2097152,128,4,4.2758,3.1427,2.9347,10.3532,24.733,80017726,3.355566315393667,64619159,5823.39,5.3213,48.121,True,True,True,True,0.0,,done,2026-08-17T02:31:54Z,2026-08-17T02:32:10Z,./corpus/pg19_256mb.txt,834ee677b77735629784778eb903d659e96708d0623d5da1a9f5fe92210bc4ed,15.8345,135232016,0
8721bcd3b2be,ofat_layout,256MB,268504786,834ee677b77735629784778eb903d659e96708d0623d5da1a9f5fe92210bc4ed,o200k_base,leb128,zstd_12,fast,subprocess_cli,manual_pool,2097152,128,20,2.2975,3.2699,2.9276,8.495,30.143,80017726,3.355566315393667,64619159,5942.27,5.3131,48.195,True,True,True,True,0.0,,done,2026-08-17T02:32:10Z,2026-08-17T02:32:24Z,./corpus/pg19_256mb.txt,834ee677b77735629784778eb903d659e96708d0623d5da1a9f5fe92210bc4ed,13.9645,135232016,0
694c2ab6854f,ofat_layout,256MB,268504786,834ee677b77735629784778eb903d659e96708d0623d5da1a9f5fe92210bc4ed,o200k_base,leb128,zstd_12,fast,subprocess_cli,process_pool,2097152,128,20,2.4634,3.2212,3.043,8.7276,29.34,80017726,3.355566315393667,64619159,7833.39,5.3693,47.69,True,True,True,True,0.5189,,done,2026-08-17T02:32:24Z,2026-08-17T02:32:39Z,./corpus/pg19_256mb.txt,834ee677b77735629784778eb903d659e96708d0623d5da1a9f5fe92210bc4ed,14.7817,135232016,0
c88e5175dceb,ofat_transport,256MB,268504786,834ee677b77735629784778eb903d659e96708d0623d5da1a9f5fe92210bc4ed,o200k_base,leb128,zstd_12,fast,in_process_binding,library_batch,2097152,128,20,2.4274,3.2878,9.994,15.7093,16.3,80017726,3.355566315393667,64619159,5992.24,5.7922,44.209,True,True,True,True,0.0,,done,2026-08-17T02:32:39Z,2026-08-17T02:33:01Z,./corpus/pg19_256mb.txt,834ee677b77735629784778eb903d659e96708d0623d5da1a9f5fe92210bc4ed,21.6614,135232016,0
483c7459d5e8,ofat_chunk_size,256MB,268504786,834ee677b77735629784778eb903d659e96708d0623d5da1a9f5fe92210bc4ed,o200k_base,leb128,zstd_12,fast,subprocess_cli,library_batch,1048576,128,20,2.5544,3.1503,2.3843,8.089,31.656,80017726,3.355566315393667,64619159,3141.88,5.218,49.074,True,True,True,True,0.0,,done,2026-08-17T02:33:01Z,2026-08-17T02:33:15Z,./corpus/pg19_256mb.txt,834ee677b77735629784778eb903d659e96708d0623d5da1a9f5fe92210bc4ed,13.4615,135232016,0
0fe11529c797,ofat_chunk_size,256MB,268504786,834ee677b77735629784778eb903d659e96708d0623d5da1a9f5fe92210bc4ed,o200k_base,leb128,zstd_12,fast,subprocess_cli,library_batch,4194304,128,20,2.5455,3.1423,2.9963,8.6841,29.487,80017726,3.355566315393667,64619159,6021.14,5.3041,48.277,True,True,True,True,0.0,,done,2026-08-17T02:33:15Z,2026-08-17T02:33:29Z,./corpus/pg19_256mb.txt,834ee677b77735629784778eb903d659e96708d0623d5da1a9f5fe92210bc4ed,14.1601,135232016,0
f866975a36fb,ofat_batch_chunks,256MB,268504786,834ee677b77735629784778eb903d659e96708d0623d5da1a9f5fe92210bc4ed,o200k_base,leb128,zstd_12,fast,subprocess_cli,library_batch,2097152,64,20,2.547,3.1857,2.4772,8.2099,31.19,80017726,3.355566315393667,64619159,3290.36,5.3553,47.815,True,True,True,True,0.0,,done,2026-08-17T02:33:29Z,2026-08-17T02:33:43Z,./corpus/pg19_256mb.txt,834ee677b77735629784778eb903d659e96708d0623d5da1a9f5fe92210bc4ed,13.7238,135232016,0
4f8e3aeb1c0b,ofat_batch_chunks,256MB,268504786,834ee677b77735629784778eb903d659e96708d0623d5da1a9f5fe92210bc4ed,o200k_base,leb128,zstd_12,fast,subprocess_cli,library_batch,2097152,256,20,2.4331,3.2803,2.9383,8.6517,29.597,80017726,3.355566315393667,64619159,5856.48,5.3231,48.105,True,True,True,True,0.0,,done,2026-08-17T02:33:43Z,2026-08-17T02:33:57Z,./corpus/pg19_256mb.txt,834ee677b77735629784778eb903d659e96708d0623d5da1a9f5fe92210bc4ed,14.1424,135232016,0
2981b59de72a,ofat_threads,256MB,268504786,834ee677b77735629784778eb903d659e96708d0623d5da1a9f5fe92210bc4ed,none,raw_utf8,lzma_extreme,max,subprocess_cli,library_batch,2097152,128,1,0.0,0.0,244.6781,244.6781,1.047,71871659,3.7358924190131746,0,719.52,2.1354,119.916,True,True,True,True,0.0,,done,2026-08-17T02:33:57Z,2026-08-17T02:38:04Z,./corpus/pg19_256mb.txt,834ee677b77735629784778eb903d659e96708d0623d5da1a9f5fe92210bc4ed,246.8137,268504786,0
7e02621611e1,ofat_threads,256MB,268504786,834ee677b77735629784778eb903d659e96708d0623d5da1a9f5fe92210bc4ed,none,raw_utf8,lzma_extreme,max,subprocess_cli,library_batch,2097152,128,4,0.0,0.0,118.6063,118.6063,2.159,72340347,3.711687835835236,0,1731.33,1.2306,208.081,True,True,True,True,0.0,,done,2026-08-17T02:38:04Z,2026-08-17T02:40:04Z,./corpus/pg19_256mb.txt,834ee677b77735629784778eb903d659e96708d0623d5da1a9f5fe92210bc4ed,119.8371,268504786,0
44ff1dd12038,ofat_transport,256MB,268504786,834ee677b77735629784778eb903d659e96708d0623d5da1a9f5fe92210bc4ed,none,raw_utf8,lzma_extreme,max,in_process_binding,library_batch,2097152,128,20,0.0,0.0,233.7914,233.7914,1.095,71871663,3.735892211092987,0,716.46,2.8949,88.455,True,True,True,True,0.0,,done,2026-08-17T02:40:04Z,2026-08-17T02:44:01Z,./corpus/pg19_256mb.txt,834ee677b77735629784778eb903d659e96708d0623d5da1a9f5fe92210bc4ed,236.6865,268504786,0
c3f9852843c6,ofat_chunk_size,256MB,268504786,834ee677b77735629784778eb903d659e96708d0623d5da1a9f5fe92210bc4ed,none,raw_utf8,lzma_extreme,max,subprocess_cli,library_batch,1048576,128,20,0.0,0.0,119.0167,119.0167,2.152,72340347,3.711687835835236,0,1731.36,1.2522,204.494,True,True,True,True,0.0,,done,2026-08-17T02:44:01Z,2026-08-17T02:46:02Z,./corpus/pg19_256mb.txt,834ee677b77735629784778eb903d659e96708d0623d5da1a9f5fe92210bc4ed,120.2691,268504786,0
d5cad2446ebe,ofat_chunk_size,256MB,268504786,834ee677b77735629784778eb903d659e96708d0623d5da1a9f5fe92210bc4ed,none,raw_utf8,lzma_extreme,max,subprocess_cli,library_batch,4194304,128,20,0.0,0.0,118.7527,118.7527,2.156,72340347,3.711687835835236,0,1731.46,1.2291,208.338,True,True,True,True,0.0,,done,2026-08-17T02:46:02Z,2026-08-17T02:48:02Z,./corpus/pg19_256mb.txt,834ee677b77735629784778eb903d659e96708d0623d5da1a9f5fe92210bc4ed,119.982,268504786,0
cc7c5d79ed8c,ofat_batch_chunks,256MB,268504786,834ee677b77735629784778eb903d659e96708d0623d5da1a9f5fe92210bc4ed,none,raw_utf8,lzma_extreme,max,subprocess_cli,library_batch,2097152,64,20,0.0,0.0,119.6417,119.6417,2.14,72340347,3.711687835835236,0,1731.45,1.2242,209.178,True,True,True,True,0.0,,done,2026-08-17T02:48:02Z,2026-08-17T02:50:03Z,./corpus/pg19_256mb.txt,834ee677b77735629784778eb903d659e96708d0623d5da1a9f5fe92210bc4ed,120.866,268504786,0
7c436ef34c2f,ofat_batch_chunks,256MB,268504786,834ee677b77735629784778eb903d659e96708d0623d5da1a9f5fe92210bc4ed,none,raw_utf8,lzma_extreme,max,subprocess_cli,library_batch,2097152,256,20,0.0,0.0,118.7292,118.7292,2.157,72340347,3.711687835835236,0,1731.55,1.2318,207.888,True,True,True,True,0.0,,done,2026-08-17T02:50:03Z,2026-08-17T02:52:03Z,./corpus/pg19_256mb.txt,834ee677b77735629784778eb903d659e96708d0623d5da1a9f5fe92210bc4ed,119.9611,268504786,0
c9edbbd58984,ofat_threads,256MB,268504786,834ee677b77735629784778eb903d659e96708d0623d5da1a9f5fe92210bc4ed,none,raw_utf8,lzma_fast,fast,subprocess_cli,library_batch,2097152,128,1,0.0,0.0,202.8185,202.8185,1.263,72889280,3.6837349195931144,0,415.63,1.947,131.519,True,True,True,True,0.0,,done,2026-08-17T02:52:03Z,2026-08-17T02:55:28Z,./corpus/pg19_256mb.txt,834ee677b77735629784778eb903d659e96708d0623d5da1a9f5fe92210bc4ed,204.7656,268504786,0
fab8b930f896,ofat_threads,256MB,268504786,834ee677b77735629784778eb903d659e96708d0623d5da1a9f5fe92210bc4ed,none,raw_utf8,lzma_fast,fast,subprocess_cli,library_batch,2097152,128,4,0.0,0.0,56.1251,56.1251,4.562,73661152,3.645134222174532,0,1837.49,0.7758,330.049,True,True,True,True,0.0,,done,2026-08-17T02:55:28Z,2026-08-17T02:56:25Z,./corpus/pg19_256mb.txt,834ee677b77735629784778eb903d659e96708d0623d5da1a9f5fe92210bc4ed,56.9012,268504786,0
b6bbe26fc6e1,ofat_transport,256MB,268504786,834ee677b77735629784778eb903d659e96708d0623d5da1a9f5fe92210bc4ed,none,raw_utf8,lzma_fast,fast,in_process_binding,library_batch,2097152,128,20,0.0,0.0,204.1922,204.1922,1.254,72889284,3.6837347174380257,0,411.34,2.8135,91.013,True,True,True,True,0.0,,done,2026-08-17T02:56:25Z,2026-08-17T02:59:52Z,./corpus/pg19_256mb.txt,834ee677b77735629784778eb903d659e96708d0623d5da1a9f5fe92210bc4ed,207.0062,268504786,0
31b5fb07848c,ofat_chunk_size,256MB,268504786,834ee677b77735629784778eb903d659e96708d0623d5da1a9f5fe92210bc4ed,none,raw_utf8,lzma_fast,fast,subprocess_cli,library_batch,1048576,128,20,0.0,0.0,56.2444,56.2444,4.553,73661152,3.645134222174532,0,1860.68,0.7826,327.193,True,True,True,True,0.0,,done,2026-08-17T02:59:52Z,2026-08-17T03:00:49Z,./corpus/pg19_256mb.txt,834ee677b77735629784778eb903d659e96708d0623d5da1a9f5fe92210bc4ed,57.0272,268504786,0
deeae59b19e3,ofat_chunk_size,256MB,268504786,834ee677b77735629784778eb903d659e96708d0623d5da1a9f5fe92210bc4ed,none,raw_utf8,lzma_fast,fast,subprocess_cli,library_batch,4194304,128,20,0.0,0.0,56.37,56.37,4.543,73661152,3.645134222174532,0,1860.71,0.7887,324.65,True,True,True,True,0.0,,done,2026-08-17T03:00:49Z,2026-08-17T03:01:46Z,./corpus/pg19_256mb.txt,834ee677b77735629784778eb903d659e96708d0623d5da1a9f5fe92210bc4ed,57.1589,268504786,0
1a70926bc8a1,ofat_batch_chunks,256MB,268504786,834ee677b77735629784778eb903d659e96708d0623d5da1a9f5fe92210bc4ed,none,raw_utf8,lzma_fast,fast,subprocess_cli,library_batch,2097152,64,20,0.0,0.0,56.2603,56.2603,4.551,73661152,3.645134222174532,0,1860.67,0.8486,301.753,True,True,True,True,0.0,,done,2026-08-17T03:01:46Z,2026-08-17T03:02:44Z,./corpus/pg19_256mb.txt,834ee677b77735629784778eb903d659e96708d0623d5da1a9f5fe92210bc4ed,57.1091,268504786,0
6b60f66d1e1c,ofat_batch_chunks,256MB,268504786,834ee677b77735629784778eb903d659e96708d0623d5da1a9f5fe92210bc4ed,none,raw_utf8,lzma_fast,fast,subprocess_cli,library_batch,2097152,256,20,0.0,0.0,56.1778,56.1778,4.558,73661152,3.645134222174532,0,1860.8,0.7938,322.57,True,True,True,True,0.0,,done,2026-08-17T03:02:44Z,2026-08-17T03:03:41Z,./corpus/pg19_256mb.txt,834ee677b77735629784778eb903d659e96708d0623d5da1a9f5fe92210bc4ed,56.9719,268504786,0
986faa7568a9,ofat_threads,256MB,268504786,834ee677b77735629784778eb903d659e96708d0623d5da1a9f5fe92210bc4ed,none,raw_utf8,zstd_19,max,subprocess_cli,library_batch,2097152,128,1,0.0,0.0,165.2537,165.2537,1.55,75514458,3.555673881682366,0,458.05,0.284,901.49,True,True,True,True,0.0,,done,2026-08-17T03:03:41Z,2026-08-17T03:06:27Z,./corpus/pg19_256mb.txt,834ee677b77735629784778eb903d659e96708d0623d5da1a9f5fe92210bc4ed,165.5379,268504786,0
083443c919b3,ofat_threads,256MB,268504786,834ee677b77735629784778eb903d659e96708d0623d5da1a9f5fe92210bc4ed,none,raw_utf8,zstd_19,max,subprocess_cli,library_batch,2097152,128,4,0.0,0.0,55.0774,55.0774,4.649,75514458,3.555673881682366,0,755.91,0.2619,977.646,True,True,True,True,0.0,,done,2026-08-17T03:06:27Z,2026-08-17T03:07:25Z,./corpus/pg19_256mb.txt,834ee677b77735629784778eb903d659e96708d0623d5da1a9f5fe92210bc4ed,55.3395,268504786,0
50d4a8c7a42c,ofat_transport,256MB,268504786,834ee677b77735629784778eb903d659e96708d0623d5da1a9f5fe92210bc4ed,none,raw_utf8,zstd_19,max,in_process_binding,library_batch,2097152,128,20,0.0,0.0,63.0736,63.0736,4.06,75514458,3.555673881682366,0,968.57,1.7454,146.71,True,True,True,True,0.0,,done,2026-08-17T03:07:25Z,2026-08-17T03:08:30Z,./corpus/pg19_256mb.txt,834ee677b77735629784778eb903d659e96708d0623d5da1a9f5fe92210bc4ed,64.8192,268504786,0
0da207aa8e64,ofat_chunk_size,256MB,268504786,834ee677b77735629784778eb903d659e96708d0623d5da1a9f5fe92210bc4ed,none,raw_utf8,zstd_19,max,subprocess_cli,library_batch,1048576,128,20,0.0,0.0,58.896,58.896,4.348,75514458,3.555673881682366,0,837.24,0.2975,860.691,True,True,True,True,0.0,,done,2026-08-17T03:08:30Z,2026-08-17T03:09:29Z,./corpus/pg19_256mb.txt,834ee677b77735629784778eb903d659e96708d0623d5da1a9f5fe92210bc4ed,59.1938,268504786,0
2ccb7604de0d,ofat_chunk_size,256MB,268504786,834ee677b77735629784778eb903d659e96708d0623d5da1a9f5fe92210bc4ed,none,raw_utf8,zstd_19,max,subprocess_cli,library_batch,4194304,128,20,0.0,0.0,58.7493,58.7493,4.359,75514458,3.555673881682366,0,837.18,0.2919,877.1,True,True,True,True,0.0,,done,2026-08-17T03:09:29Z,2026-08-17T03:10:28Z,./corpus/pg19_256mb.txt,834ee677b77735629784778eb903d659e96708d0623d5da1a9f5fe92210bc4ed,59.0414,268504786,0
8359950957f1,ofat_batch_chunks,256MB,268504786,834ee677b77735629784778eb903d659e96708d0623d5da1a9f5fe92210bc4ed,none,raw_utf8,zstd_19,max,subprocess_cli,library_batch,2097152,64,20,0.0,0.0,59.3025,59.3025,4.318,75514458,3.555673881682366,0,836.97,0.3058,837.432,True,True,True,True,0.0,,done,2026-08-17T03:10:28Z,2026-08-17T03:11:28Z,./corpus/pg19_256mb.txt,834ee677b77735629784778eb903d659e96708d0623d5da1a9f5fe92210bc4ed,59.6084,268504786,0
3813497d4f26,ofat_batch_chunks,256MB,268504786,834ee677b77735629784778eb903d659e96708d0623d5da1a9f5fe92210bc4ed,none,raw_utf8,zstd_19,max,subprocess_cli,library_batch,2097152,256,20,0.0,0.0,58.0774,58.0774,4.409,75514458,3.555673881682366,0,837.04,0.2988,856.901,True,True,True,True,0.0,,done,2026-08-17T03:11:28Z,2026-08-17T03:12:27Z,./corpus/pg19_256mb.txt,834ee677b77735629784778eb903d659e96708d0623d5da1a9f5fe92210bc4ed,58.3764,268504786,0
9f8a205cdd81,ofat_threads,256MB,268504786,834ee677b77735629784778eb903d659e96708d0623d5da1a9f5fe92210bc4ed,none,raw_utf8,zstd_12,fast,subprocess_cli,library_batch,2097152,128,1,0.0,0.0,12.8082,12.8082,19.992,84896172,3.1627431446496788,0,338.38,0.2821,907.725,True,True,True,True,0.0,,done,2026-08-17T03:12:27Z,2026-08-17T03:12:40Z,./corpus/pg19_256mb.txt,834ee677b77735629784778eb903d659e96708d0623d5da1a9f5fe92210bc4ed,13.0905,268504786,0
5b62c0570494,ofat_threads,256MB,268504786,834ee677b77735629784778eb903d659e96708d0623d5da1a9f5fe92210bc4ed,none,raw_utf8,zstd_12,fast,subprocess_cli,library_batch,2097152,128,4,0.0,0.0,5.0089,5.0089,51.122,84896172,3.1627431446496788,0,489.54,0.2752,930.402,True,True,True,True,0.0,,done,2026-08-17T03:12:40Z,2026-08-17T03:12:45Z,./corpus/pg19_256mb.txt,834ee677b77735629784778eb903d659e96708d0623d5da1a9f5fe92210bc4ed,5.2843,268504786,0
03324c26a8f1,ofat_transport,256MB,268504786,834ee677b77735629784778eb903d659e96708d0623d5da1a9f5fe92210bc4ed,none,raw_utf8,zstd_12,fast,in_process_binding,library_batch,2097152,128,20,0.0,0.0,11.8019,11.8019,21.697,84896172,3.1627431446496788,0,903.4,1.5172,168.78,True,True,True,True,0.0,,done,2026-08-17T03:12:45Z,2026-08-17T03:12:59Z,./corpus/pg19_256mb.txt,834ee677b77735629784778eb903d659e96708d0623d5da1a9f5fe92210bc4ed,13.3193,268504786,0
9ec93633fc0d,ofat_chunk_size,256MB,268504786,834ee677b77735629784778eb903d659e96708d0623d5da1a9f5fe92210bc4ed,none,raw_utf8,zstd_12,fast,subprocess_cli,library_batch,1048576,128,20,0.0,0.0,3.7483,3.7483,68.316,84896172,3.1627431446496788,0,754.95,0.293,873.801,True,True,True,True,0.0,,done,2026-08-17T03:12:59Z,2026-08-17T03:13:03Z,./corpus/pg19_256mb.txt,834ee677b77735629784778eb903d659e96708d0623d5da1a9f5fe92210bc4ed,4.0415,268504786,0
b0d360cbe83a,ofat_chunk_size,256MB,268504786,834ee677b77735629784778eb903d659e96708d0623d5da1a9f5fe92210bc4ed,none,raw_utf8,zstd_12,fast,subprocess_cli,library_batch,4194304,128,20,0.0,0.0,3.8326,3.8326,66.812,84896172,3.1627431446496788,0,755.25,0.2853,897.603,True,True,True,True,0.0,,done,2026-08-17T03:13:03Z,2026-08-17T03:13:07Z,./corpus/pg19_256mb.txt,834ee677b77735629784778eb903d659e96708d0623d5da1a9f5fe92210bc4ed,4.1181,268504786,0
ce60e191139d,ofat_batch_chunks,256MB,268504786,834ee677b77735629784778eb903d659e96708d0623d5da1a9f5fe92210bc4ed,none,raw_utf8,zstd_12,fast,subprocess_cli,library_batch,2097152,64,20,0.0,0.0,3.8602,3.8602,66.336,84896172,3.1627431446496788,0,755.11,0.2956,866.223,True,True,True,True,0.0,,done,2026-08-17T03:13:07Z,2026-08-17T03:13:12Z,./corpus/pg19_256mb.txt,834ee677b77735629784778eb903d659e96708d0623d5da1a9f5fe92210bc4ed,4.156,268504786,0
cfd00222354c,ofat_batch_chunks,256MB,268504786,834ee677b77735629784778eb903d659e96708d0623d5da1a9f5fe92210bc4ed,none,raw_utf8,zstd_12,fast,subprocess_cli,library_batch,2097152,256,20,0.0,0.0,3.8903,3.8903,65.822,84896172,3.1627431446496788,0,755.12,0.2893,885.11,True,True,True,True,0.0,,done,2026-08-17T03:13:12Z,2026-08-17T03:13:16Z,./corpus/pg19_256mb.txt,834ee677b77735629784778eb903d659e96708d0623d5da1a9f5fe92210bc4ed,4.1798,268504786,0
bb3c7d3c800e,ofat_threads,256MB,268504786,834ee677b77735629784778eb903d659e96708d0623d5da1a9f5fe92210bc4ed,r50k_base,fixed_u16,lzma_extreme,max,subprocess_cli,library_batch,2097152,128,1,16.788,1.4016,120.2263,138.4159,1.85,66405748,4.043396755353166,75766084,4583.79,5.0735,50.472,True,True,True,True,0.0,,done,2026-08-17T03:13:16Z,2026-08-17T03:15:40Z,./corpus/pg19_256mb.txt,834ee677b77735629784778eb903d659e96708d0623d5da1a9f5fe92210bc4ed,143.5359,151532168,0
b432078a6228,ofat_threads,256MB,268504786,834ee677b77735629784778eb903d659e96708d0623d5da1a9f5fe92210bc4ed,r50k_base,fixed_u16,lzma_extreme,max,subprocess_cli,library_batch,2097152,128,4,6.3678,1.3775,105.8113,113.5566,2.255,66872072,4.015200635625587,75766084,4082.48,3.3205,77.118,True,True,True,True,0.0,,done,2026-08-17T03:15:40Z,2026-08-17T03:17:37Z,./corpus/pg19_256mb.txt,834ee677b77735629784778eb903d659e96708d0623d5da1a9f5fe92210bc4ed,116.9247,151532168,0
855680c012f7,ofat_layout,256MB,268504786,834ee677b77735629784778eb903d659e96708d0623d5da1a9f5fe92210bc4ed,r50k_base,fixed_u16,lzma_extreme,max,subprocess_cli,manual_pool,2097152,128,20,3.3456,1.419,105.103,109.8675,2.331,66872072,4.015200635625587,75766084,3963.2,3.2929,77.763,True,True,True,True,0.0,,done,2026-08-17T03:17:37Z,2026-08-17T03:19:30Z,./corpus/pg19_256mb.txt,834ee677b77735629784778eb903d659e96708d0623d5da1a9f5fe92210bc4ed,113.208,151532168,0
19bb022e8a19,ofat_layout,256MB,268504786,834ee677b77735629784778eb903d659e96708d0623d5da1a9f5fe92210bc4ed,r50k_base,fixed_u16,lzma_extreme,max,subprocess_cli,process_pool,2097152,128,20,2.8225,1.3872,105.2042,109.4139,2.34,66872072,4.015200635625587,75766084,4897.75,3.292,77.783,True,True,True,True,0.2902,,done,2026-08-17T03:19:30Z,2026-08-17T03:21:24Z,./corpus/pg19_256mb.txt,834ee677b77735629784778eb903d659e96708d0623d5da1a9f5fe92210bc4ed,113.0532,151532168,0
996d75aa600d,ofat_transport,256MB,268504786,834ee677b77735629784778eb903d659e96708d0623d5da1a9f5fe92210bc4ed,r50k_base,fixed_u16,lzma_extreme,max,in_process_binding,library_batch,2097152,128,20,3.4245,1.3938,119.6424,124.4607,2.057,66405752,4.043396511796147,75766084,4649.96,5.6076,45.664,True,True,True,True,0.0,,done,2026-08-17T03:21:24Z,2026-08-17T03:23:34Z,./corpus/pg19_256mb.txt,834ee677b77735629784778eb903d659e96708d0623d5da1a9f5fe92210bc4ed,130.117,151532168,0
14407b971b8a,ofat_chunk_size,256MB,268504786,834ee677b77735629784778eb903d659e96708d0623d5da1a9f5fe92210bc4ed,r50k_base,fixed_u16,lzma_extreme,max,subprocess_cli,library_batch,1048576,128,20,3.4956,1.4269,105.017,109.9396,2.329,66872072,4.015200635625587,75766084,2077.63,3.2632,78.472,True,True,True,True,0.0,,done,2026-08-17T03:23:34Z,2026-08-17T03:25:27Z,./corpus/pg19_256mb.txt,834ee677b77735629784778eb903d659e96708d0623d5da1a9f5fe92210bc4ed,113.2504,151532168,0
b9bbb7b6274c,ofat_chunk_size,256MB,268504786,834ee677b77735629784778eb903d659e96708d0623d5da1a9f5fe92210bc4ed,r50k_base,fixed_u16,lzma_extreme,max,subprocess_cli,library_batch,4194304,128,20,3.6287,1.3539,104.9785,109.9611,2.329,66872072,4.015200635625587,75766084,4106.32,3.3702,75.979,True,True,True,True,0.0,,done,2026-08-17T03:25:27Z,2026-08-17T03:27:21Z,./corpus/pg19_256mb.txt,834ee677b77735629784778eb903d659e96708d0623d5da1a9f5fe92210bc4ed,113.388,151532168,0
789ad983deaf,ofat_batch_chunks,256MB,268504786,834ee677b77735629784778eb903d659e96708d0623d5da1a9f5fe92210bc4ed,r50k_base,fixed_u16,lzma_extreme,max,subprocess_cli,library_batch,2097152,64,20,3.7005,1.3861,109.5047,114.5912,2.235,66872072,4.015200635625587,75766084,2185.17,3.2899,77.834,True,True,True,True,0.0,,done,2026-08-17T03:27:21Z,2026-08-17T03:29:19Z,./corpus/pg19_256mb.txt,834ee677b77735629784778eb903d659e96708d0623d5da1a9f5fe92210bc4ed,117.9277,151532168,0
3717822b2bbb,ofat_batch_chunks,256MB,268504786,834ee677b77735629784778eb903d659e96708d0623d5da1a9f5fe92210bc4ed,r50k_base,fixed_u16,lzma_extreme,max,subprocess_cli,library_batch,2097152,256,20,3.3698,1.4009,108.3942,113.1649,2.263,66872072,4.015200635625587,75766084,4132.5,3.2634,78.466,True,True,True,True,0.0,,done,2026-08-17T03:29:19Z,2026-08-17T03:31:16Z,./corpus/pg19_256mb.txt,834ee677b77735629784778eb903d659e96708d0623d5da1a9f5fe92210bc4ed,116.4843,151532168,0
1b02b4e3f4bb,ofat_threads,256MB,268504786,834ee677b77735629784778eb903d659e96708d0623d5da1a9f5fe92210bc4ed,r50k_base,fixed_u16,lzma_fast,fast,subprocess_cli,library_batch,2097152,128,1,16.8251,1.3872,108.8816,127.0939,2.015,67179293,3.996838519869508,75766084,4279.86,5.0364,50.843,True,True,True,True,0.0,,done,2026-08-17T03:31:16Z,2026-08-17T03:33:28Z,./corpus/pg19_256mb.txt,834ee677b77735629784778eb903d659e96708d0623d5da1a9f5fe92210bc4ed,132.1774,151532168,0
c5e59642d4f4,ofat_threads,256MB,268504786,834ee677b77735629784778eb903d659e96708d0623d5da1a9f5fe92210bc4ed,r50k_base,fixed_u16,lzma_fast,fast,subprocess_cli,library_batch,2097152,128,4,6.5581,1.4214,48.5688,56.5483,4.528,67917689,3.9533851924790904,75766084,4186.6,3.3362,76.753,True,True,True,True,0.0,,done,2026-08-17T03:33:28Z,2026-08-17T03:34:28Z,./corpus/pg19_256mb.txt,834ee677b77735629784778eb903d659e96708d0623d5da1a9f5fe92210bc4ed,59.9318,151532168,0
14c6f8870948,ofat_layout,256MB,268504786,834ee677b77735629784778eb903d659e96708d0623d5da1a9f5fe92210bc4ed,r50k_base,fixed_u16,lzma_fast,fast,subprocess_cli,manual_pool,2097152,128,20,3.4792,1.4279,47.4154,52.3224,4.894,67917689,3.9533851924790904,75766084,4007.32,3.3075,77.419,True,True,True,True,0.0,,done,2026-08-17T03:34:28Z,2026-08-17T03:35:24Z,./corpus/pg19_256mb.txt,834ee677b77735629784778eb903d659e96708d0623d5da1a9f5fe92210bc4ed,55.6772,151532168,0
97a785e74d3d,ofat_layout,256MB,268504786,834ee677b77735629784778eb903d659e96708d0623d5da1a9f5fe92210bc4ed,r50k_base,fixed_u16,lzma_fast,fast,subprocess_cli,process_pool,2097152,128,20,2.9916,1.4343,47.6157,52.0416,4.92,67917689,3.9533851924790904,75766084,5054.47,3.2539,78.696,True,True,True,True,0.273,,done,2026-08-17T03:35:24Z,2026-08-17T03:36:20Z,./corpus/pg19_256mb.txt,834ee677b77735629784778eb903d659e96708d0623d5da1a9f5fe92210bc4ed,55.6238,151532168,0
ff1b8ee47ed0,ofat_transport,256MB,268504786,834ee677b77735629784778eb903d659e96708d0623d5da1a9f5fe92210bc4ed,r50k_base,fixed_u16,lzma_fast,fast,in_process_binding,library_batch,2097152,128,20,3.4864,1.4284,107.3353,112.2502,2.281,67179297,3.9968382818891364,75766084,4347.05,5.6716,45.148,True,True,True,True,0.0,,done,2026-08-17T03:36:20Z,2026-08-17T03:38:18Z,./corpus/pg19_256mb.txt,834ee677b77735629784778eb903d659e96708d0623d5da1a9f5fe92210bc4ed,117.9678,151532168,0
422aeeca9afe,ofat_chunk_size,256MB,268504786,834ee677b77735629784778eb903d659e96708d0623d5da1a9f5fe92210bc4ed,r50k_base,fixed_u16,lzma_fast,fast,subprocess_cli,library_batch,1048576,128,20,3.6407,1.4412,46.3522,51.4341,4.979,67917689,3.9533851924790904,75766084,2221.61,3.2612,78.518,True,True,True,True,0.0,,done,2026-08-17T03:38:18Z,2026-08-17T03:39:13Z,./corpus/pg19_256mb.txt,834ee677b77735629784778eb903d659e96708d0623d5da1a9f5fe92210bc4ed,54.7432,151532168,0
b07cd719c55f,ofat_chunk_size,256MB,268504786,834ee677b77735629784778eb903d659e96708d0623d5da1a9f5fe92210bc4ed,r50k_base,fixed_u16,lzma_fast,fast,subprocess_cli,library_batch,4194304,128,20,3.6875,1.4148,48.099,53.2013,4.813,67917689,3.9533851924790904,75766084,4016.87,3.3503,76.43,True,True,True,True,0.0,,done,2026-08-17T03:39:13Z,2026-08-17T03:40:10Z,./corpus/pg19_256mb.txt,834ee677b77735629784778eb903d659e96708d0623d5da1a9f5fe92210bc4ed,56.606,151532168,0
98f0de8a6bd1,ofat_batch_chunks,256MB,268504786,834ee677b77735629784778eb903d659e96708d0623d5da1a9f5fe92210bc4ed,r50k_base,fixed_u16,lzma_fast,fast,subprocess_cli,library_batch,2097152,64,20,3.4664,1.449,46.4148,51.3302,4.989,67917689,3.9533851924790904,75766084,2235.59,3.3036,77.511,True,True,True,True,0.0,,done,2026-08-17T03:40:10Z,2026-08-17T03:41:04Z,./corpus/pg19_256mb.txt,834ee677b77735629784778eb903d659e96708d0623d5da1a9f5fe92210bc4ed,54.6814,151532168,0
5bd431af9c52,ofat_batch_chunks,256MB,268504786,834ee677b77735629784778eb903d659e96708d0623d5da1a9f5fe92210bc4ed,r50k_base,fixed_u16,lzma_fast,fast,subprocess_cli,library_batch,2097152,256,20,3.5063,1.411,47.3954,52.3127,4.895,67917689,3.9533851924790904,75766084,4221.25,3.2899,77.835,True,True,True,True,0.0,,done,2026-08-17T03:41:04Z,2026-08-17T03:42:00Z,./corpus/pg19_256mb.txt,834ee677b77735629784778eb903d659e96708d0623d5da1a9f5fe92210bc4ed,55.6564,151532168,0
7424f07ab123,ofat_threads,256MB,268504786,834ee677b77735629784778eb903d659e96708d0623d5da1a9f5fe92210bc4ed,r50k_base,fixed_u16,zstd_19,max,subprocess_cli,library_batch,2097152,128,1,17.0325,1.3818,90.5586,108.9729,2.35,71850344,3.737000702460102,75766084,4217.81,3.1511,81.262,True,True,True,True,0.0,,done,2026-08-17T03:42:00Z,2026-08-17T03:43:53Z,./corpus/pg19_256mb.txt,834ee677b77735629784778eb903d659e96708d0623d5da1a9f5fe92210bc4ed,112.1709,151532168,0
247db6daf39a,ofat_threads,256MB,268504786,834ee677b77735629784778eb903d659e96708d0623d5da1a9f5fe92210bc4ed,r50k_base,fixed_u16,zstd_19,max,subprocess_cli,library_batch,2097152,128,4,6.5776,1.3857,44.6882,52.6515,4.863,71850344,3.737000702460102,75766084,4027.14,3.1623,80.975,True,True,True,True,0.0,,done,2026-08-17T03:43:53Z,2026-08-17T03:44:49Z,./corpus/pg19_256mb.txt,834ee677b77735629784778eb903d659e96708d0623d5da1a9f5fe92210bc4ed,55.8603,151532168,0
83521fd0a785,ofat_layout,256MB,268504786,834ee677b77735629784778eb903d659e96708d0623d5da1a9f5fe92210bc4ed,r50k_base,fixed_u16,zstd_19,max,subprocess_cli,manual_pool,2097152,128,20,3.4622,1.4331,44.6855,49.5808,5.165,71850344,3.737000702460102,75766084,4012.86,3.1326,81.741,True,True,True,True,0.0001,,done,2026-08-17T03:44:49Z,2026-08-17T03:45:42Z,./corpus/pg19_256mb.txt,834ee677b77735629784778eb903d659e96708d0623d5da1a9f5fe92210bc4ed,52.7644,151532168,0
994136d44dc5,ofat_layout,256MB,268504786,834ee677b77735629784778eb903d659e96708d0623d5da1a9f5fe92210bc4ed,r50k_base,fixed_u16,zstd_19,max,subprocess_cli,process_pool,2097152,128,20,3.0676,1.4173,41.1473,45.6322,5.612,71850344,3.737000702460102,75766084,5020.88,2.9642,86.385,True,True,True,True,0.3079,,done,2026-08-17T03:45:42Z,2026-08-17T03:46:31Z,./corpus/pg19_256mb.txt,834ee677b77735629784778eb903d659e96708d0623d5da1a9f5fe92210bc4ed,48.9596,151532168,0
d08ae3673490,ofat_transport,256MB,268504786,834ee677b77735629784778eb903d659e96708d0623d5da1a9f5fe92210bc4ed,r50k_base,fixed_u16,zstd_19,max,in_process_binding,library_batch,2097152,128,20,3.2677,1.3563,49.7116,54.3356,4.713,71850344,3.737000702460102,75766084,4054.34,3.8513,66.489,True,True,True,True,0.0,,done,2026-08-17T03:46:31Z,2026-08-17T03:47:29Z,./corpus/pg19_256mb.txt,834ee677b77735629784778eb903d659e96708d0623d5da1a9f5fe92210bc4ed,58.2332,151532168,0
2ff7a8f9819b,ofat_chunk_size,256MB,268504786,834ee677b77735629784778eb903d659e96708d0623d5da1a9f5fe92210bc4ed,r50k_base,fixed_u16,zstd_19,max,subprocess_cli,library_batch,1048576,128,20,3.6543,1.4998,49.6687,54.8227,4.671,71850344,3.737000702460102,75766084,2233.3,3.3073,77.424,True,True,True,True,0.0,,done,2026-08-17T03:47:29Z,2026-08-17T03:48:27Z,./corpus/pg19_256mb.txt,834ee677b77735629784778eb903d659e96708d0623d5da1a9f5fe92210bc4ed,58.1787,151532168,0
9aad343d10c6,ofat_chunk_size,256MB,268504786,834ee677b77735629784778eb903d659e96708d0623d5da1a9f5fe92210bc4ed,r50k_base,fixed_u16,zstd_19,max,subprocess_cli,library_batch,4194304,128,20,3.5883,1.4014,45.2948,50.2845,5.092,71850344,3.737000702460102,75766084,4189.19,3.2048,79.9,True,True,True,True,0.0,,done,2026-08-17T03:48:27Z,2026-08-17T03:49:21Z,./corpus/pg19_256mb.txt,834ee677b77735629784778eb903d659e96708d0623d5da1a9f5fe92210bc4ed,53.5517,151532168,0
7476ec259c78,ofat_batch_chunks,256MB,268504786,834ee677b77735629784778eb903d659e96708d0623d5da1a9f5fe92210bc4ed,r50k_base,fixed_u16,zstd_19,max,subprocess_cli,library_batch,2097152,64,20,3.6025,1.4488,44.362,49.4133,5.182,71850344,3.737000702460102,75766084,2265.96,3.293,77.76,True,True,True,True,0.0,,done,2026-08-17T03:49:21Z,2026-08-17T03:50:14Z,./corpus/pg19_256mb.txt,834ee677b77735629784778eb903d659e96708d0623d5da1a9f5fe92210bc4ed,52.7539,151532168,0
0596dc0b97bf,ofat_batch_chunks,256MB,268504786,834ee677b77735629784778eb903d659e96708d0623d5da1a9f5fe92210bc4ed,r50k_base,fixed_u16,zstd_19,max,subprocess_cli,library_batch,2097152,256,20,3.3989,1.4337,45.1575,49.9901,5.122,71850344,3.737000702460102,75766084,4091.88,3.15,81.291,True,True,True,True,0.0,,done,2026-08-17T03:50:14Z,2026-08-17T03:51:07Z,./corpus/pg19_256mb.txt,834ee677b77735629784778eb903d659e96708d0623d5da1a9f5fe92210bc4ed,53.196,151532168,0
185ecd719642,ofat_threads,256MB,268504786,834ee677b77735629784778eb903d659e96708d0623d5da1a9f5fe92210bc4ed,r50k_base,fixed_u16,zstd_12,fast,subprocess_cli,library_batch,2097152,128,1,16.8605,1.3701,6.7816,25.0121,10.238,79903208,3.360375543369923,75766084,4132.5,3.1463,81.386,True,True,True,True,0.0,,done,2026-08-17T03:51:07Z,2026-08-17T03:51:36Z,./corpus/pg19_256mb.txt,834ee677b77735629784778eb903d659e96708d0623d5da1a9f5fe92210bc4ed,28.2085,151532168,0
a39810727f4c,ofat_threads,256MB,268504786,834ee677b77735629784778eb903d659e96708d0623d5da1a9f5fe92210bc4ed,r50k_base,fixed_u16,zstd_12,fast,subprocess_cli,library_batch,2097152,128,4,6.5479,1.382,3.435,11.3649,22.531,79903208,3.360375543369923,75766084,4045.63,3.1376,81.612,True,True,True,True,0.0,,done,2026-08-17T03:51:36Z,2026-08-17T03:51:51Z,./corpus/pg19_256mb.txt,834ee677b77735629784778eb903d659e96708d0623d5da1a9f5fe92210bc4ed,14.5491,151532168,0
ee8763849751,ofat_layout,256MB,268504786,834ee677b77735629784778eb903d659e96708d0623d5da1a9f5fe92210bc4ed,r50k_base,fixed_u16,zstd_12,fast,subprocess_cli,manual_pool,2097152,128,20,3.5516,1.4381,3.2276,8.2173,31.162,79903208,3.360375543369923,75766084,3982.89,3.1387,81.583,True,True,True,True,0.0,,done,2026-08-17T03:51:51Z,2026-08-17T03:52:02Z,./corpus/pg19_256mb.txt,834ee677b77735629784778eb903d659e96708d0623d5da1a9f5fe92210bc4ed,11.4032,151532168,0
8e675d562767,ofat_layout,256MB,268504786,834ee677b77735629784778eb903d659e96708d0623d5da1a9f5fe92210bc4ed,r50k_base,fixed_u16,zstd_12,fast,subprocess_cli,process_pool,2097152,128,20,2.8505,1.4302,3.4444,7.7252,33.147,79903208,3.360375543369923,75766084,4953.39,3.324,77.036,True,True,True,True,0.3445,,done,2026-08-17T03:52:02Z,2026-08-17T03:52:14Z,./corpus/pg19_256mb.txt,834ee677b77735629784778eb903d659e96708d0623d5da1a9f5fe92210bc4ed,11.4526,151532168,0
5842b7d03af6,ofat_transport,256MB,268504786,834ee677b77735629784778eb903d659e96708d0623d5da1a9f5fe92210bc4ed,r50k_base,fixed_u16,zstd_12,fast,in_process_binding,library_batch,2097152,128,20,3.3993,1.441,11.0761,15.9165,16.088,79903208,3.360375543369923,75766084,3988.74,3.6345,70.454,True,True,True,True,0.0,,done,2026-08-17T03:52:14Z,2026-08-17T03:52:34Z,./corpus/pg19_256mb.txt,834ee677b77735629784778eb903d659e96708d0623d5da1a9f5fe92210bc4ed,19.5988,151532168,0
c99f4da1be34,ofat_chunk_size,256MB,268504786,834ee677b77735629784778eb903d659e96708d0623d5da1a9f5fe92210bc4ed,r50k_base,fixed_u16,zstd_12,fast,subprocess_cli,library_batch,1048576,128,20,3.6571,1.4335,2.7203,7.811,32.783,79903208,3.360375543369923,75766084,2153.04,3.232,79.227,True,True,True,True,0.0,,done,2026-08-17T03:52:34Z,2026-08-17T03:52:45Z,./corpus/pg19_256mb.txt,834ee677b77735629784778eb903d659e96708d0623d5da1a9f5fe92210bc4ed,11.0898,151532168,0
a29be3380928,ofat_chunk_size,256MB,268504786,834ee677b77735629784778eb903d659e96708d0623d5da1a9f5fe92210bc4ed,r50k_base,fixed_u16,zstd_12,fast,subprocess_cli,library_batch,4194304,128,20,3.5263,1.363,3.2095,8.0987,31.618,79903208,3.360375543369923,75766084,4135.74,3.202,79.97,True,True,True,True,0.0,,done,2026-08-17T03:52:45Z,2026-08-17T03:52:56Z,./corpus/pg19_256mb.txt,834ee677b77735629784778eb903d659e96708d0623d5da1a9f5fe92210bc4ed,11.3546,151532168,0
d98f6b9856d4,ofat_batch_chunks,256MB,268504786,834ee677b77735629784778eb903d659e96708d0623d5da1a9f5fe92210bc4ed,r50k_base,fixed_u16,zstd_12,fast,subprocess_cli,library_batch,2097152,64,20,3.7104,1.423,2.8674,8.0008,32.005,79903208,3.360375543369923,75766084,2275.74,3.2164,79.612,True,True,True,True,0.0,,done,2026-08-17T03:52:56Z,2026-08-17T03:53:08Z,./corpus/pg19_256mb.txt,834ee677b77735629784778eb903d659e96708d0623d5da1a9f5fe92210bc4ed,11.27,151532168,0
45fcf0363912,ofat_batch_chunks,256MB,268504786,834ee677b77735629784778eb903d659e96708d0623d5da1a9f5fe92210bc4ed,r50k_base,fixed_u16,zstd_12,fast,subprocess_cli,library_batch,2097152,256,20,3.4462,1.4118,3.0903,7.9483,32.216,79903208,3.360375543369923,75766084,4046.82,3.3202,77.123,True,True,True,True,0.0,,done,2026-08-17T03:53:08Z,2026-08-17T03:53:19Z,./corpus/pg19_256mb.txt,834ee677b77735629784778eb903d659e96708d0623d5da1a9f5fe92210bc4ed,11.3242,151532168,0
d54dfb50a050,ratio_grid,4GB,4295254520,d997553b9ebcc27d52258d5b616083526a993ab6024ddaf86024ef17350adce3,none,raw_utf8,lzma_extreme,max,subprocess_cli,library_batch,2097152,128,20,0.0,0.0,354.334,354.334,11.56,1153987139,3.722099124711302,0,17158.03,7.3252,559.203,True,True,True,True,0.0,,done,2026-08-16T10:28:39Z,2026-08-16T10:34:40Z,./corpus/pg19_4gb.txt,d997553b9ebcc27d52258d5b616083526a993ab6024ddaf86024ef17350adce3,361.6594,,
241b628e8621,ratio_grid,4GB,4295254520,d997553b9ebcc27d52258d5b616083526a993ab6024ddaf86024ef17350adce3,none,raw_utf8,lzma_fast,fast,subprocess_cli,library_batch,2097152,128,20,0.0,0.0,284.7945,284.7945,14.383,1174814368,3.6561133716062963,0,9356.11,6.9982,585.334,True,True,True,True,0.0,,done,2026-08-16T10:34:40Z,2026-08-16T10:39:33Z,./corpus/pg19_4gb.txt,d997553b9ebcc27d52258d5b616083526a993ab6024ddaf86024ef17350adce3,291.7929,,
ffc5e87da710,ratio_grid,4GB,4295254520,d997553b9ebcc27d52258d5b616083526a993ab6024ddaf86024ef17350adce3,none,raw_utf8,zstd_19,max,subprocess_cli,library_batch,2097152,128,20,0.0,0.0,285.2663,285.2663,14.359,1202686871,3.571382230545693,0,3604.31,3.8317,1069.052,True,True,True,True,0.0,,done,2026-08-16T10:39:33Z,2026-08-16T10:44:22Z,./corpus/pg19_4gb.txt,d997553b9ebcc27d52258d5b616083526a993ab6024ddaf86024ef17350adce3,289.0981,,
3101bc8c5df0,ratio_grid,4GB,4295254520,d997553b9ebcc27d52258d5b616083526a993ab6024ddaf86024ef17350adce3,none,raw_utf8,zstd_12,fast,subprocess_cli,library_batch,2097152,128,20,0.0,0.0,53.7634,53.7634,76.191,1353266730,3.173989594793334,0,1842.2,3.821,1072.044,True,True,True,True,0.0,,done,2026-08-16T10:44:22Z,2026-08-16T10:45:20Z,./corpus/pg19_4gb.txt,d997553b9ebcc27d52258d5b616083526a993ab6024ddaf86024ef17350adce3,57.5846,,
7e735ad0bfd9,ratio_grid,4GB,4295254520,d997553b9ebcc27d52258d5b616083526a993ab6024ddaf86024ef17350adce3,none,raw_utf8,zstd_22_long,max,subprocess_cli,library_batch,2097152,128,20,0.0,0.0,841.1639,841.1639,4.87,1129532116,3.8026847215382764,0,12034.7,5.8391,701.525,True,True,True,True,0.0,,done,2026-08-16T10:45:20Z,2026-08-16T10:59:27Z,./corpus/pg19_4gb.txt,d997553b9ebcc27d52258d5b616083526a993ab6024ddaf86024ef17350adce3,847.0032,,
40df5f38b0cc,ratio_grid,4GB,4295254520,d997553b9ebcc27d52258d5b616083526a993ab6024ddaf86024ef17350adce3,none,raw_utf8,gzip_9,fast,subprocess_cli,library_batch,2097152,128,20,0.0,0.0,224.1203,224.1203,18.277,1597501421,2.68873283211934,0,50.57,21.8434,187.529,True,True,True,True,0.0,,done,2026-08-16T10:59:27Z,2026-08-16T11:03:33Z,./corpus/pg19_4gb.txt,d997553b9ebcc27d52258d5b616083526a993ab6024ddaf86024ef17350adce3,245.9638,,
0fa940a79b86,ratio_grid,4GB,4295254520,d997553b9ebcc27d52258d5b616083526a993ab6024ddaf86024ef17350adce3,none,raw_utf8,bz2_9,fast,subprocess_cli,library_batch,2097152,128,20,0.0,0.0,206.4157,206.4157,19.845,1206922241,3.5588494221807947,0,52.85,96.8871,42.279,True,True,True,True,0.0,,done,2026-08-16T11:03:33Z,2026-08-16T11:08:37Z,./corpus/pg19_4gb.txt,d997553b9ebcc27d52258d5b616083526a993ab6024ddaf86024ef17350adce3,303.303,,
d82be783ad9f,ratio_grid,4GB,4295254520,d997553b9ebcc27d52258d5b616083526a993ab6024ddaf86024ef17350adce3,o200k_base,leb128,lzma_extreme,max,subprocess_cli,library_batch,2097152,128,20,40.7282,55.7809,149.3895,245.8986,16.658,1122129165,3.827771930337449,1031613453,15629.41,84.402,48.533,True,True,True,True,0.0,,done,2026-08-16T11:08:37Z,2026-08-16T11:14:07Z,./corpus/pg19_4gb.txt,d997553b9ebcc27d52258d5b616083526a993ab6024ddaf86024ef17350adce3,330.4595,,
f323d5983e8f,ratio_grid,4GB,4295254520,d997553b9ebcc27d52258d5b616083526a993ab6024ddaf86024ef17350adce3,o200k_base,leb128,lzma_fast,fast,subprocess_cli,library_batch,2097152,128,20,45.4489,54.5478,79.8569,179.8536,22.776,1142531350,3.7594193979885104,1031613453,15361.77,85.0553,48.16,True,True,True,True,0.0,,done,2026-08-16T11:14:07Z,2026-08-16T11:18:33Z,./corpus/pg19_4gb.txt,d997553b9ebcc27d52258d5b616083526a993ab6024ddaf86024ef17350adce3,265.0636,,
ccc7a993c944,ratio_grid,4GB,4295254520,d997553b9ebcc27d52258d5b616083526a993ab6024ddaf86024ef17350adce3,o200k_base,leb128,zstd_19,max,subprocess_cli,library_batch,2097152,128,20,46.6519,55.8236,73.2619,175.7374,23.309,1168285144,3.6765463825841476,1031613453,9813.09,80.6223,50.808,True,True,True,True,0.0,,done,2026-08-16T11:18:33Z,2026-08-16T11:22:50Z,./corpus/pg19_4gb.txt,d997553b9ebcc27d52258d5b616083526a993ab6024ddaf86024ef17350adce3,256.5187,,
274d8125a129,ratio_grid,4GB,4295254520,d997553b9ebcc27d52258d5b616083526a993ab6024ddaf86024ef17350adce3,o200k_base,leb128,zstd_12,fast,subprocess_cli,library_batch,2097152,128,20,39.0367,50.1495,23.0463,112.2325,36.498,1274573904,3.3699532891111192,1031613453,7118.92,81.2747,50.4,True,True,True,True,0.0,,done,2026-08-16T11:22:50Z,2026-08-16T11:26:04Z,./corpus/pg19_4gb.txt,d997553b9ebcc27d52258d5b616083526a993ab6024ddaf86024ef17350adce3,193.6723,,
72d607a03cfe,ratio_grid,4GB,4295254520,d997553b9ebcc27d52258d5b616083526a993ab6024ddaf86024ef17350adce3,o200k_base,leb128,zstd_22_long,max,subprocess_cli,library_batch,2097152,128,20,36.7154,53.3749,625.96,716.0502,5.721,1098171010,3.911280193054814,1031613453,10784.84,81.7997,50.077,True,True,True,True,0.0,,done,2026-08-16T11:26:04Z,2026-08-16T11:39:22Z,./corpus/pg19_4gb.txt,d997553b9ebcc27d52258d5b616083526a993ab6024ddaf86024ef17350adce3,798.0101,,
6cd07c198fcf,ratio_grid,4GB,4295254520,d997553b9ebcc27d52258d5b616083526a993ab6024ddaf86024ef17350adce3,o200k_base,leb128,gzip_9,fast,subprocess_cli,library_batch,2097152,128,20,36.22,49.7837,88.6522,174.6559,23.453,1462523818,2.936878338072987,1031613453,6061.85,95.3958,42.94,True,True,True,True,0.0,,done,2026-08-16T11:39:22Z,2026-08-16T11:43:52Z,./corpus/pg19_4gb.txt,d997553b9ebcc27d52258d5b616083526a993ab6024ddaf86024ef17350adce3,270.2056,,
bbf242a74cc2,ratio_grid,4GB,4295254520,d997553b9ebcc27d52258d5b616083526a993ab6024ddaf86024ef17350adce3,o200k_base,leb128,bz2_9,fast,subprocess_cli,library_batch,2097152,128,20,36.5966,51.2949,117.6343,205.5259,19.931,1268610439,3.3857947151891596,1031613453,6103.97,159.8259,25.63,True,True,True,True,0.0,,done,2026-08-16T11:43:52Z,2026-08-16T11:49:58Z,./corpus/pg19_4gb.txt,d997553b9ebcc27d52258d5b616083526a993ab6024ddaf86024ef17350adce3,365.5053,,
0e600377f96a,ratio_grid,4GB,4295254520,d997553b9ebcc27d52258d5b616083526a993ab6024ddaf86024ef17350adce3,cl100k_base,leb128,lzma_extreme,max,subprocess_cli,library_batch,2097152,128,20,64.1234,53.8674,148.231,266.2218,15.387,1115158722,3.8516979110351253,1042509688,15379.28,83.294,49.178,True,True,True,True,0.0,,done,2026-08-16T11:49:58Z,2026-08-16T11:55:48Z,./corpus/pg19_4gb.txt,d997553b9ebcc27d52258d5b616083526a993ab6024ddaf86024ef17350adce3,349.5953,,
e56bba33ce27,ratio_grid,4GB,4295254520,d997553b9ebcc27d52258d5b616083526a993ab6024ddaf86024ef17350adce3,cl100k_base,leb128,lzma_fast,fast,subprocess_cli,library_batch,2097152,128,20,71.6544,55.5657,71.4588,198.6789,20.618,1134863675,3.7848198110667344,1042509688,14588.67,83.543,49.032,True,True,True,True,0.0,,done,2026-08-16T11:55:48Z,2026-08-16T12:00:30Z,./corpus/pg19_4gb.txt,d997553b9ebcc27d52258d5b616083526a993ab6024ddaf86024ef17350adce3,282.3053,,
63c7c2d92731,ratio_grid,4GB,4295254520,d997553b9ebcc27d52258d5b616083526a993ab6024ddaf86024ef17350adce3,cl100k_base,leb128,zstd_19,max,subprocess_cli,library_batch,2097152,128,20,68.5755,55.8824,70.6227,195.0806,20.998,1161552382,3.6978569254055387,1042509688,9550.45,80.2472,51.046,True,True,True,True,0.0,,done,2026-08-16T12:00:30Z,2026-08-16T12:05:06Z,./corpus/pg19_4gb.txt,d997553b9ebcc27d52258d5b616083526a993ab6024ddaf86024ef17350adce3,275.4086,,
fe1e22d7cef7,ratio_grid,4GB,4295254520,d997553b9ebcc27d52258d5b616083526a993ab6024ddaf86024ef17350adce3,cl100k_base,leb128,zstd_12,fast,subprocess_cli,library_batch,2097152,128,20,61.1706,48.87,23.0297,133.0702,30.783,1267110558,3.3898024863588896,1042509688,7127.53,79.5796,51.474,True,True,True,True,0.0,,done,2026-08-16T12:05:06Z,2026-08-16T12:08:39Z,./corpus/pg19_4gb.txt,d997553b9ebcc27d52258d5b616083526a993ab6024ddaf86024ef17350adce3,212.7281,,
1ad495cfda26,ratio_grid,4GB,4295254520,d997553b9ebcc27d52258d5b616083526a993ab6024ddaf86024ef17350adce3,cl100k_base,leb128,zstd_22_long,max,subprocess_cli,library_batch,2097152,128,20,60.072,52.7015,614.2281,727.0016,5.634,1093010184,3.929747940939588,1042509688,10883.81,79.818,51.32,True,True,True,True,0.0,,done,2026-08-16T12:08:39Z,2026-08-16T12:22:06Z,./corpus/pg19_4gb.txt,d997553b9ebcc27d52258d5b616083526a993ab6024ddaf86024ef17350adce3,806.9024,,
ae6ac357f8a5,ratio_grid,4GB,4295254520,d997553b9ebcc27d52258d5b616083526a993ab6024ddaf86024ef17350adce3,cl100k_base,leb128,gzip_9,fast,subprocess_cli,library_batch,2097152,128,20,58.5983,50.4863,89.264,198.3486,20.652,1443163503,2.9762771238817836,1042509688,6133.52,91.1265,44.952,True,True,True,True,0.0,,done,2026-08-16T12:22:06Z,2026-08-16T12:26:56Z,./corpus/pg19_4gb.txt,d997553b9ebcc27d52258d5b616083526a993ab6024ddaf86024ef17350adce3,289.5536,,
82aa840cc270,ratio_grid,4GB,4295254520,d997553b9ebcc27d52258d5b616083526a993ab6024ddaf86024ef17350adce3,cl100k_base,leb128,bz2_9,fast,subprocess_cli,library_batch,2097152,128,20,59.0575,51.3299,116.9185,227.306,18.021,1256177292,3.419305974844831,1042509688,6118.02,157.1962,26.058,True,True,True,True,0.0,,done,2026-08-16T12:26:56Z,2026-08-16T12:33:21Z,./corpus/pg19_4gb.txt,d997553b9ebcc27d52258d5b616083526a993ab6024ddaf86024ef17350adce3,384.582,,
ad4bdf0b9f4c,ratio_grid,4GB,4295254520,d997553b9ebcc27d52258d5b616083526a993ab6024ddaf86024ef17350adce3,r50k_base,leb128,lzma_extreme,max,subprocess_cli,library_batch,2097152,128,20,62.0444,62.6536,140.659,265.357,15.437,1123182636,3.8241817335217423,1213487085,17453.93,89.3515,45.844,True,True,True,True,0.0,,done,2026-08-16T12:33:21Z,2026-08-16T12:39:16Z,./corpus/pg19_4gb.txt,d997553b9ebcc27d52258d5b616083526a993ab6024ddaf86024ef17350adce3,354.7545,,
b31763d0949f,ratio_grid,4GB,4295254520,d997553b9ebcc27d52258d5b616083526a993ab6024ddaf86024ef17350adce3,r50k_base,leb128,lzma_fast,fast,subprocess_cli,library_batch,2097152,128,20,67.2413,62.4021,67.7992,197.4426,20.747,1143211701,3.7571820829360107,1213487085,15102.98,87.949,46.576,True,True,True,True,0.0,,done,2026-08-16T12:39:16Z,2026-08-16T12:44:02Z,./corpus/pg19_4gb.txt,d997553b9ebcc27d52258d5b616083526a993ab6024ddaf86024ef17350adce3,285.4385,,
198207aae36f,ratio_grid,4GB,4295254520,d997553b9ebcc27d52258d5b616083526a993ab6024ddaf86024ef17350adce3,r50k_base,leb128,zstd_19,max,subprocess_cli,library_batch,2097152,128,20,65.3332,64.9009,68.5251,198.7592,20.609,1171635715,3.6660324237384656,1213487085,9930.52,85.7143,47.79,True,True,True,True,0.0,,done,2026-08-16T12:44:02Z,2026-08-16T12:48:47Z,./corpus/pg19_4gb.txt,d997553b9ebcc27d52258d5b616083526a993ab6024ddaf86024ef17350adce3,284.5232,,
173b5422baf1,ratio_grid,4GB,4295254520,d997553b9ebcc27d52258d5b616083526a993ab6024ddaf86024ef17350adce3,r50k_base,leb128,zstd_12,fast,subprocess_cli,library_batch,2097152,128,20,57.1085,55.8387,23.7861,136.7333,29.958,1287115482,3.3371166613004815,1213487085,7476.23,85.4623,47.931,True,True,True,True,0.0,,done,2026-08-16T12:48:47Z,2026-08-16T12:52:29Z,./corpus/pg19_4gb.txt,d997553b9ebcc27d52258d5b616083526a993ab6024ddaf86024ef17350adce3,222.2418,,
d802c4744af3,ratio_grid,4GB,4295254520,d997553b9ebcc27d52258d5b616083526a993ab6024ddaf86024ef17350adce3,r50k_base,leb128,zstd_22_long,max,subprocess_cli,library_batch,2097152,128,20,57.2826,56.6485,606.0975,720.0286,5.689,1103218647,3.89338462659252,1213487085,11480.57,85.3812,47.976,True,True,True,True,0.0,,done,2026-08-16T12:52:29Z,2026-08-16T13:05:55Z,./corpus/pg19_4gb.txt,d997553b9ebcc27d52258d5b616083526a993ab6024ddaf86024ef17350adce3,805.4573,,
e8b00710fff6,ratio_grid,4GB,4295254520,d997553b9ebcc27d52258d5b616083526a993ab6024ddaf86024ef17350adce3,r50k_base,leb128,gzip_9,fast,subprocess_cli,library_batch,2097152,128,20,55.5291,57.2314,254.2689,367.0294,11.161,1429872057,3.003943254204037,1213487085,6434.81,102.8879,39.813,True,True,True,True,0.0,,done,2026-08-16T13:05:55Z,2026-08-16T13:13:45Z,./corpus/pg19_4gb.txt,d997553b9ebcc27d52258d5b616083526a993ab6024ddaf86024ef17350adce3,469.9638,,
f7bf950cf153,ratio_grid,4GB,4295254520,d997553b9ebcc27d52258d5b616083526a993ab6024ddaf86024ef17350adce3,r50k_base,leb128,bz2_9,fast,subprocess_cli,library_batch,2097152,128,20,54.8047,57.3001,138.905,251.0098,16.319,1246147177,3.4468276294141136,1213487085,6413.84,174.0332,23.537,True,True,True,True,0.0,,done,2026-08-16T13:13:45Z,2026-08-16T13:20:50Z,./corpus/pg19_4gb.txt,d997553b9ebcc27d52258d5b616083526a993ab6024ddaf86024ef17350adce3,425.0878,,
80c97b80ece9,ratio_grid,4GB,4295254520,d997553b9ebcc27d52258d5b616083526a993ab6024ddaf86024ef17350adce3,r50k_base,fixed_u16,lzma_extreme,max,subprocess_cli,library_batch,2097152,128,20,64.2532,24.4944,153.9673,242.715,16.877,1061753144,4.045436120695867,1213487085,15672.03,51.6883,79.249,True,True,True,True,0.0,,done,2026-08-16T13:20:50Z,2026-08-16T13:25:45Z,./corpus/pg19_4gb.txt,d997553b9ebcc27d52258d5b616083526a993ab6024ddaf86024ef17350adce3,294.4481,,
c711df6b68d0,ratio_grid,4GB,4295254520,d997553b9ebcc27d52258d5b616083526a993ab6024ddaf86024ef17350adce3,r50k_base,fixed_u16,lzma_fast,fast,subprocess_cli,library_batch,2097152,128,20,69.3645,23.3858,92.049,184.7993,22.166,1080894025,3.9737980048506607,1213487085,13296.58,50.5604,81.017,True,True,True,True,0.0,,done,2026-08-16T13:25:45Z,2026-08-16T13:29:41Z,./corpus/pg19_4gb.txt,d997553b9ebcc27d52258d5b616083526a993ab6024ddaf86024ef17350adce3,235.4053,,
a3f8130f4560,ratio_grid,4GB,4295254520,d997553b9ebcc27d52258d5b616083526a993ab6024ddaf86024ef17350adce3,r50k_base,fixed_u16,lzma_tuned_lp1pb1,max,subprocess_cli,library_batch,2097152,128,20,62.5995,23.644,148.6416,234.885,17.439,1057067001,4.063370170421203,1213487085,15666.54,50.5021,81.111,True,True,True,True,0.0,,done,2026-08-16T13:29:41Z,2026-08-16T13:34:26Z,./corpus/pg19_4gb.txt,d997553b9ebcc27d52258d5b616083526a993ab6024ddaf86024ef17350adce3,285.4325,,
f7df3d030c8a,ratio_grid,4GB,4295254520,d997553b9ebcc27d52258d5b616083526a993ab6024ddaf86024ef17350adce3,r50k_base,fixed_u16,zstd_19,max,subprocess_cli,library_batch,2097152,128,20,70.2612,23.4587,87.4289,181.1488,22.613,1143224959,3.757138510829171,1213487085,7781.31,47.5326,86.178,True,True,True,True,0.0,,done,2026-08-16T13:34:26Z,2026-08-16T13:38:15Z,./corpus/pg19_4gb.txt,d997553b9ebcc27d52258d5b616083526a993ab6024ddaf86024ef17350adce3,228.7271,,
25b70534901e,ratio_grid,4GB,4295254520,d997553b9ebcc27d52258d5b616083526a993ab6024ddaf86024ef17350adce3,r50k_base,fixed_u16,zstd_12,fast,subprocess_cli,library_batch,2097152,128,20,57.8238,21.7657,23.2559,102.8453,39.829,1273717709,3.3722185768871964,1213487085,5104.35,47.1535,86.871,True,True,True,True,0.0,,done,2026-08-16T13:38:15Z,2026-08-16T13:40:46Z,./corpus/pg19_4gb.txt,d997553b9ebcc27d52258d5b616083526a993ab6024ddaf86024ef17350adce3,150.044,,
1ed4ebdf8298,ratio_grid,4GB,4295254520,d997553b9ebcc27d52258d5b616083526a993ab6024ddaf86024ef17350adce3,r50k_base,fixed_u16,zstd_22_long,max,subprocess_cli,library_batch,2097152,128,20,57.7977,22.4695,580.513,660.7803,6.199,1078089799,3.9841342752562303,1213487085,9058.88,47.5919,86.071,True,True,True,True,0.0,,done,2026-08-16T13:40:46Z,2026-08-16T13:52:34Z,./corpus/pg19_4gb.txt,d997553b9ebcc27d52258d5b616083526a993ab6024ddaf86024ef17350adce3,708.4181,,
6a3a57e1ba35,ratio_grid,4GB,4295254520,d997553b9ebcc27d52258d5b616083526a993ab6024ddaf86024ef17350adce3,r50k_base,fixed_u16,gzip_9,fast,subprocess_cli,library_batch,2097152,128,20,54.5057,22.119,255.8677,332.4923,12.32,1389137592,3.092029576289805,1213487085,4076.54,60.1458,68.106,True,True,True,True,0.0,,done,2026-08-16T13:52:34Z,2026-08-16T13:59:07Z,./corpus/pg19_4gb.txt,d997553b9ebcc27d52258d5b616083526a993ab6024ddaf86024ef17350adce3,392.6836,,
2fe44a0244e2,ratio_grid,4GB,4295254520,d997553b9ebcc27d52258d5b616083526a993ab6024ddaf86024ef17350adce3,r50k_base,fixed_u16,bz2_9,fast,subprocess_cli,library_batch,2097152,128,20,53.7542,21.9489,145.5343,221.2375,18.515,1257075774,3.4168620610136746,1213487085,4121.16,124.7188,32.844,True,True,True,True,0.0,,done,2026-08-16T13:59:07Z,2026-08-16T14:04:54Z,./corpus/pg19_4gb.txt,d997553b9ebcc27d52258d5b616083526a993ab6024ddaf86024ef17350adce3,346.0023,,
c0da1d13b7fb,ratio_grid,4GB,4295254520,d997553b9ebcc27d52258d5b616083526a993ab6024ddaf86024ef17350adce3,p50k_base,leb128,lzma_extreme,max,subprocess_cli,library_batch,2097152,128,20,62.5565,61.8979,143.3944,267.8488,15.293,1119872584,3.835485019785072,1169772219,17053.52,86.0309,47.614,True,True,True,True,0.0,,done,2026-08-16T14:04:54Z,2026-08-16T14:10:48Z,./corpus/pg19_4gb.txt,d997553b9ebcc27d52258d5b616083526a993ab6024ddaf86024ef17350adce3,353.9261,,
ea3458e6a3de,ratio_grid,4GB,4295254520,d997553b9ebcc27d52258d5b616083526a993ab6024ddaf86024ef17350adce3,p50k_base,leb128,lzma_fast,fast,subprocess_cli,library_batch,2097152,128,20,66.1219,62.0444,76.7513,204.9176,19.99,1138989965,3.771108308228159,1169772219,14953.05,91.9854,44.532,True,True,True,True,0.0,,done,2026-08-16T14:10:48Z,2026-08-16T14:15:45Z,./corpus/pg19_4gb.txt,d997553b9ebcc27d52258d5b616083526a993ab6024ddaf86024ef17350adce3,296.95,,
52098cb05fe5,ratio_grid,4GB,4295254520,d997553b9ebcc27d52258d5b616083526a993ab6024ddaf86024ef17350adce3,p50k_base,leb128,zstd_19,max,subprocess_cli,library_batch,2097152,128,20,69.9117,63.1285,77.0194,210.0596,19.501,1167949675,3.677602393270926,1169772219,10002.24,88.9822,46.035,True,True,True,True,0.0,,done,2026-08-16T14:15:45Z,2026-08-16T14:20:44Z,./corpus/pg19_4gb.txt,d997553b9ebcc27d52258d5b616083526a993ab6024ddaf86024ef17350adce3,299.0911,,
c62070227958,ratio_grid,4GB,4295254520,d997553b9ebcc27d52258d5b616083526a993ab6024ddaf86024ef17350adce3,p50k_base,leb128,zstd_12,fast,subprocess_cli,library_batch,2097152,128,20,59.5004,59.0356,25.1031,143.6392,28.518,1283466995,3.346603018802209,1169772219,7365.33,89.2723,45.885,True,True,True,True,0.0,,done,2026-08-16T14:20:44Z,2026-08-16T14:24:38Z,./corpus/pg19_4gb.txt,d997553b9ebcc27d52258d5b616083526a993ab6024ddaf86024ef17350adce3,232.9578,,
5b92a7141cc9,ratio_grid,4GB,4295254520,d997553b9ebcc27d52258d5b616083526a993ab6024ddaf86024ef17350adce3,p50k_base,leb128,zstd_22_long,max,subprocess_cli,library_batch,2097152,128,20,57.8594,60.2699,663.1901,781.3194,5.243,1099711224,3.90580220176056,1169772219,11225.38,89.0216,46.014,True,True,True,True,0.0,,done,2026-08-16T14:24:38Z,2026-08-16T14:39:08Z,./corpus/pg19_4gb.txt,d997553b9ebcc27d52258d5b616083526a993ab6024ddaf86024ef17350adce3,870.393,,
d8a368fc56d2,ratio_grid,4GB,4295254520,d997553b9ebcc27d52258d5b616083526a993ab6024ddaf86024ef17350adce3,p50k_base,leb128,gzip_9,fast,subprocess_cli,library_batch,2097152,128,20,56.9109,59.5819,255.7315,372.2243,11.005,1426593853,3.0108460869696456,1169772219,6336.8,100.7916,40.641,True,True,True,True,0.0,,done,2026-08-16T14:39:08Z,2026-08-16T14:47:02Z,./corpus/pg19_4gb.txt,d997553b9ebcc27d52258d5b616083526a993ab6024ddaf86024ef17350adce3,473.0622,,
db4bc9b442ad,ratio_grid,4GB,4295254520,d997553b9ebcc27d52258d5b616083526a993ab6024ddaf86024ef17350adce3,p50k_base,leb128,bz2_9,fast,subprocess_cli,library_batch,2097152,128,20,55.7127,58.8007,132.2186,246.732,16.602,1244758999,3.45067159462247,1169772219,6315.08,170.9269,23.965,True,True,True,True,0.0,,done,2026-08-16T14:47:02Z,2026-08-16T14:54:00Z,./corpus/pg19_4gb.txt,d997553b9ebcc27d52258d5b616083526a993ab6024ddaf86024ef17350adce3,417.7058,,
d76d14b85e5c,ratio_grid,4GB,4295254520,d997553b9ebcc27d52258d5b616083526a993ab6024ddaf86024ef17350adce3,p50k_base,fixed_u16,lzma_extreme,max,subprocess_cli,library_batch,2097152,128,20,65.6434,23.2099,170.1341,258.9874,15.817,1057885412,4.0602266287797155,1169772219,15314.07,53.4243,76.674,True,True,True,True,0.0,,done,2026-08-16T14:54:00Z,2026-08-16T14:59:12Z,./corpus/pg19_4gb.txt,d997553b9ebcc27d52258d5b616083526a993ab6024ddaf86024ef17350adce3,312.4575,,
9e9b9d006a6d,ratio_grid,4GB,4295254520,d997553b9ebcc27d52258d5b616083526a993ab6024ddaf86024ef17350adce3,p50k_base,fixed_u16,lzma_fast,fast,subprocess_cli,library_batch,2097152,128,20,71.4975,23.9732,111.2899,206.7606,19.812,1075755361,3.9927800276144754,1169772219,13319.52,53.2383,76.942,True,True,True,True,0.0,,done,2026-08-16T14:59:12Z,2026-08-16T15:03:33Z,./corpus/pg19_4gb.txt,d997553b9ebcc27d52258d5b616083526a993ab6024ddaf86024ef17350adce3,260.0472,,
d9fd24fef53f,ratio_grid,4GB,4295254520,d997553b9ebcc27d52258d5b616083526a993ab6024ddaf86024ef17350adce3,p50k_base,fixed_u16,lzma_tuned_lp1pb1,max,subprocess_cli,library_batch,2097152,128,20,65.7421,23.0123,163.2133,251.9677,16.257,1053147357,4.078493376497169,1169772219,15306.88,52.5741,77.914,True,True,True,True,0.0,,done,2026-08-16T15:03:33Z,2026-08-16T15:08:38Z,./corpus/pg19_4gb.txt,d997553b9ebcc27d52258d5b616083526a993ab6024ddaf86024ef17350adce3,304.5905,,
9d46c7c6e7f6,ratio_grid,4GB,4295254520,d997553b9ebcc27d52258d5b616083526a993ab6024ddaf86024ef17350adce3,p50k_base,fixed_u16,zstd_19,max,subprocess_cli,library_batch,2097152,128,20,73.6122,23.9833,100.4643,198.0598,20.682,1139070161,3.770842804124688,1169772219,7713.04,49.8171,82.226,True,True,True,True,0.0,,done,2026-08-16T15:08:38Z,2026-08-16T15:12:46Z,./corpus/pg19_4gb.txt,d997553b9ebcc27d52258d5b616083526a993ab6024ddaf86024ef17350adce3,247.9243,,
c709d97fa372,ratio_grid,4GB,4295254520,d997553b9ebcc27d52258d5b616083526a993ab6024ddaf86024ef17350adce3,p50k_base,fixed_u16,zstd_12,fast,subprocess_cli,library_batch,2097152,128,20,59.7996,22.2778,24.3697,106.4471,38.482,1270275277,3.3813572520627746,1169772219,5109.96,49.5193,82.721,True,True,True,True,0.0,,done,2026-08-16T15:12:46Z,2026-08-16T15:15:22Z,./corpus/pg19_4gb.txt,d997553b9ebcc27d52258d5b616083526a993ab6024ddaf86024ef17350adce3,156.0152,,
bddcdb4c0560,ratio_grid,4GB,4295254520,d997553b9ebcc27d52258d5b616083526a993ab6024ddaf86024ef17350adce3,p50k_base,fixed_u16,zstd_22_long,max,subprocess_cli,library_batch,2097152,128,20,59.8533,22.3809,649.8096,732.0439,5.596,1073779078,4.000128711764675,1169772219,9065.39,50.2247,81.559,True,True,True,True,0.0,,done,2026-08-16T15:15:22Z,2026-08-16T15:28:25Z,./corpus/pg19_4gb.txt,d997553b9ebcc27d52258d5b616083526a993ab6024ddaf86024ef17350adce3,782.3164,,
78cf1b736000,ratio_grid,4GB,4295254520,d997553b9ebcc27d52258d5b616083526a993ab6024ddaf86024ef17350adce3,p50k_base,fixed_u16,gzip_9,fast,subprocess_cli,library_batch,2097152,128,20,55.2293,22.072,261.7569,339.0582,12.081,1385469940,3.1002148772711733,1169772219,3968.16,58.99,69.44,True,True,True,True,0.0,,done,2026-08-16T15:28:25Z,2026-08-16T15:35:03Z,./corpus/pg19_4gb.txt,d997553b9ebcc27d52258d5b616083526a993ab6024ddaf86024ef17350adce3,398.0963,,
40ca0fa75db4,ratio_grid,4GB,4295254520,d997553b9ebcc27d52258d5b616083526a993ab6024ddaf86024ef17350adce3,p50k_base,fixed_u16,bz2_9,fast,subprocess_cli,library_batch,2097152,128,20,55.6825,21.1412,133.9066,210.7303,19.438,1255274640,3.421764754205502,1169772219,4018.87,124.3854,32.932,True,True,True,True,0.0,,done,2026-08-16T15:35:03Z,2026-08-16T15:40:39Z,./corpus/pg19_4gb.txt,d997553b9ebcc27d52258d5b616083526a993ab6024ddaf86024ef17350adce3,335.1609,,
a50d94d69774,ofat_threads,4GB,4295254520,d997553b9ebcc27d52258d5b616083526a993ab6024ddaf86024ef17350adce3,o200k_base,leb128,lzma_extreme,max,subprocess_cli,library_batch,2097152,128,1,231.9617,55.7074,2099.3719,2387.041,1.716,1107275417,3.879120274915306,1031613453,6702.06,120.8527,33.895,True,True,True,True,0.0,,done,2026-08-16T17:56:47Z,2026-08-16T18:38:36Z,./corpus/pg19_4gb.txt,d997553b9ebcc27d52258d5b616083526a993ab6024ddaf86024ef17350adce3,2508.0644,,
f0d724fb224f,ofat_threads,4GB,4295254520,d997553b9ebcc27d52258d5b616083526a993ab6024ddaf86024ef17350adce3,o200k_base,leb128,lzma_extreme,max,subprocess_cli,library_batch,2097152,128,4,57.1596,56.29,402.7937,516.2433,7.935,1122129165,3.827771930337449,1031613453,9647.52,85.9951,47.634,True,True,True,True,0.0,,done,2026-08-16T18:38:36Z,2026-08-16T18:48:38Z,./corpus/pg19_4gb.txt,d997553b9ebcc27d52258d5b616083526a993ab6024ddaf86024ef17350adce3,602.4038,2157607816,0
e884e58675c4,ofat_threads,4GB,4295254520,d997553b9ebcc27d52258d5b616083526a993ab6024ddaf86024ef17350adce3,o200k_base,leb128,lzma_fast,fast,subprocess_cli,library_batch,2097152,128,1,211.8959,49.053,1559.7207,1820.6696,2.25,1126691758,3.812271181981967,1031613453,6439.75,112.9476,36.267,True,True,True,True,0.0,,done,2026-08-16T18:48:38Z,2026-08-16T19:20:52Z,./corpus/pg19_4gb.txt,d997553b9ebcc27d52258d5b616083526a993ab6024ddaf86024ef17350adce3,1933.7735,2157607816,0
784ba4f180d4,ofat_threads,4GB,4295254520,d997553b9ebcc27d52258d5b616083526a993ab6024ddaf86024ef17350adce3,o200k_base,leb128,lzma_fast,fast,subprocess_cli,library_batch,2097152,128,4,56.8166,54.164,336.923,447.9036,9.145,1142531350,3.7594193979885104,1031613453,7909.01,85.8222,47.73,True,True,True,True,0.0,,done,2026-08-16T19:20:52Z,2026-08-16T19:29:47Z,./corpus/pg19_4gb.txt,d997553b9ebcc27d52258d5b616083526a993ab6024ddaf86024ef17350adce3,533.8856,2157607816,0
9b81d7018658,ofat_threads,4GB,4295254520,d997553b9ebcc27d52258d5b616083526a993ab6024ddaf86024ef17350adce3,o200k_base,leb128,zstd_19,max,subprocess_cli,library_batch,2097152,128,1,216.896,53.2062,975.573,1245.6753,3.288,1168285144,3.6765463825841476,1031613453,6557.95,82.1232,49.88,True,True,True,True,0.0,,done,2026-08-16T19:29:47Z,2026-08-16T19:51:55Z,./corpus/pg19_4gb.txt,d997553b9ebcc27d52258d5b616083526a993ab6024ddaf86024ef17350adce3,1327.9536,2157607816,0
d113fb45536c,ofat_threads,4GB,4295254520,d997553b9ebcc27d52258d5b616083526a993ab6024ddaf86024ef17350adce3,o200k_base,leb128,zstd_19,max,subprocess_cli,library_batch,2097152,128,4,58.9924,55.095,271.5442,385.6315,10.622,1168285144,3.6765463825841476,1031613453,7082.13,82.0813,49.905,True,True,True,True,0.0,,done,2026-08-16T19:51:55Z,2026-08-16T19:59:43Z,./corpus/pg19_4gb.txt,d997553b9ebcc27d52258d5b616083526a993ab6024ddaf86024ef17350adce3,467.877,2157607816,0
4cbf8cef156a,ofat_threads,4GB,4295254520,d997553b9ebcc27d52258d5b616083526a993ab6024ddaf86024ef17350adce3,o200k_base,leb128,zstd_12,fast,subprocess_cli,library_batch,2097152,128,1,210.9127,49.0215,76.3933,336.3275,12.179,1274573904,3.3699532891111192,1031613453,6353.6,81.3466,50.356,True,True,True,True,0.0,,done,2026-08-16T19:59:43Z,2026-08-16T20:06:41Z,./corpus/pg19_4gb.txt,d997553b9ebcc27d52258d5b616083526a993ab6024ddaf86024ef17350adce3,417.831,2157607816,0
a4d21ed825fb,ofat_threads,4GB,4295254520,d997553b9ebcc27d52258d5b616083526a993ab6024ddaf86024ef17350adce3,o200k_base,leb128,zstd_12,fast,subprocess_cli,library_batch,2097152,128,4,58.0309,49.3286,24.7929,132.1524,30.997,1274573904,3.3699532891111192,1031613453,6504.01,82.2991,49.773,True,True,True,True,0.0,,done,2026-08-16T20:06:41Z,2026-08-16T20:10:16Z,./corpus/pg19_4gb.txt,d997553b9ebcc27d52258d5b616083526a993ab6024ddaf86024ef17350adce3,214.6058,2157607816,0
4b1f4bb03802,ofat_threads,4GB,4295254520,d997553b9ebcc27d52258d5b616083526a993ab6024ddaf86024ef17350adce3,none,raw_utf8,lzma_extreme,max,subprocess_cli,library_batch,2097152,128,1,0.0,0.0,3835.6177,3835.6177,1.068,1139280519,3.77014655158867,0,720.26,33.8566,120.989,True,True,True,True,0.0,,done,2026-08-16T20:10:16Z,2026-08-16T21:14:46Z,./corpus/pg19_4gb.txt,d997553b9ebcc27d52258d5b616083526a993ab6024ddaf86024ef17350adce3,3869.4745,4295254520,0
074299675b91,ofat_threads,4GB,4295254520,d997553b9ebcc27d52258d5b616083526a993ab6024ddaf86024ef17350adce3,none,raw_utf8,lzma_extreme,max,subprocess_cli,library_batch,2097152,128,4,0.0,0.0,996.3487,996.3487,4.111,1153987139,3.722099124711302,0,3527.62,8.7447,468.431,True,True,True,True,0.0,,done,2026-08-16T21:14:46Z,2026-08-16T21:31:31Z,./corpus/pg19_4gb.txt,d997553b9ebcc27d52258d5b616083526a993ab6024ddaf86024ef17350adce3,1005.0936,4295254520,0
6c3faaa87a49,ofat_threads,4GB,4295254520,d997553b9ebcc27d52258d5b616083526a993ab6024ddaf86024ef17350adce3,none,raw_utf8,lzma_fast,fast,subprocess_cli,library_batch,2097152,128,1,0.0,0.0,3270.6576,3270.6576,1.252,1158884852,3.7063686807082368,0,416.19,30.6769,133.53,True,True,True,True,0.0,,done,2026-08-16T21:31:31Z,2026-08-16T22:26:33Z,./corpus/pg19_4gb.txt,d997553b9ebcc27d52258d5b616083526a993ab6024ddaf86024ef17350adce3,3301.3346,4295254520,0
6e19519417cc,ofat_threads,4GB,4295254520,d997553b9ebcc27d52258d5b616083526a993ab6024ddaf86024ef17350adce3,none,raw_utf8,lzma_fast,fast,subprocess_cli,library_batch,2097152,128,4,0.0,0.0,857.4207,857.4207,4.777,1174814368,3.6561133716062963,0,1903.45,7.743,529.031,True,True,True,True,0.0,,done,2026-08-16T22:26:33Z,2026-08-16T22:40:58Z,./corpus/pg19_4gb.txt,d997553b9ebcc27d52258d5b616083526a993ab6024ddaf86024ef17350adce3,865.1639,4295254520,0
98b425d91660,ofat_threads,4GB,4295254520,d997553b9ebcc27d52258d5b616083526a993ab6024ddaf86024ef17350adce3,none,raw_utf8,zstd_19,max,subprocess_cli,library_batch,2097152,128,1,0.0,0.0,2628.4154,2628.4154,1.558,1202686871,3.571382230545693,0,532.33,3.7799,1083.705,True,True,True,True,0.0,,done,2026-08-16T22:40:58Z,2026-08-16T23:24:51Z,./corpus/pg19_4gb.txt,d997553b9ebcc27d52258d5b616083526a993ab6024ddaf86024ef17350adce3,2632.1955,4295254520,0
35e152682561,ofat_threads,4GB,4295254520,d997553b9ebcc27d52258d5b616083526a993ab6024ddaf86024ef17350adce3,none,raw_utf8,zstd_19,max,subprocess_cli,library_batch,2097152,128,4,0.0,0.0,853.8394,853.8394,4.797,1202686871,3.571382230545693,0,977.27,4.296,953.502,True,True,True,True,0.0,,done,2026-08-16T23:24:51Z,2026-08-16T23:39:09Z,./corpus/pg19_4gb.txt,d997553b9ebcc27d52258d5b616083526a993ab6024ddaf86024ef17350adce3,858.1357,4295254520,0
666399dc60c1,ofat_threads,4GB,4295254520,d997553b9ebcc27d52258d5b616083526a993ab6024ddaf86024ef17350adce3,none,raw_utf8,zstd_12,fast,subprocess_cli,library_batch,2097152,128,1,0.0,0.0,209.1995,209.1995,19.581,1353266730,3.173989594793334,0,349.62,3.972,1031.289,True,True,True,True,0.0,,done,2026-08-16T23:39:09Z,2026-08-16T23:42:42Z,./corpus/pg19_4gb.txt,d997553b9ebcc27d52258d5b616083526a993ab6024ddaf86024ef17350adce3,213.1717,4295254520,0
895a13dd6632,ofat_threads,4GB,4295254520,d997553b9ebcc27d52258d5b616083526a993ab6024ddaf86024ef17350adce3,none,raw_utf8,zstd_12,fast,subprocess_cli,library_batch,2097152,128,4,0.0,0.0,78.5366,78.5366,52.158,1353266730,3.173989594793334,0,502.39,4.0114,1021.164,True,True,True,True,0.0,,done,2026-08-16T23:42:42Z,2026-08-16T23:44:05Z,./corpus/pg19_4gb.txt,d997553b9ebcc27d52258d5b616083526a993ab6024ddaf86024ef17350adce3,82.5482,4295254520,0
29a7583791a2,ofat_threads,4GB,4295254520,d997553b9ebcc27d52258d5b616083526a993ab6024ddaf86024ef17350adce3,r50k_base,fixed_u16,lzma_extreme,max,subprocess_cli,library_batch,2097152,128,1,322.0743,21.5246,1944.881,2288.4798,1.79,1048037140,4.098380063134022,1213487085,4689.66,77.9758,52.533,True,True,True,True,0.0,,done,2026-08-16T23:44:05Z,2026-08-17T00:23:32Z,./corpus/pg19_4gb.txt,d997553b9ebcc27d52258d5b616083526a993ab6024ddaf86024ef17350adce3,2366.504,2426974170,0
2dafab0813ea,ofat_threads,4GB,4295254520,d997553b9ebcc27d52258d5b616083526a993ab6024ddaf86024ef17350adce3,r50k_base,fixed_u16,lzma_extreme,max,subprocess_cli,library_batch,2097152,128,4,98.2415,22.5217,457.1999,577.9631,7.087,1061753144,4.045436120695867,1213487085,7604.74,50.533,81.061,True,True,True,True,0.0,,done,2026-08-17T00:23:32Z,2026-08-17T00:34:01Z,./corpus/pg19_4gb.txt,d997553b9ebcc27d52258d5b616083526a993ab6024ddaf86024ef17350adce3,628.5425,2426974170,0
8cab7bf72fb4,ofat_threads,4GB,4295254520,d997553b9ebcc27d52258d5b616083526a993ab6024ddaf86024ef17350adce3,r50k_base,fixed_u16,lzma_fast,fast,subprocess_cli,library_batch,2097152,128,1,328.578,21.7156,1734.6687,2084.9623,1.965,1066252857,4.028363902428446,1213487085,4383.52,78.384,52.259,True,True,True,True,0.0,,done,2026-08-17T00:34:01Z,2026-08-17T01:10:04Z,./corpus/pg19_4gb.txt,d997553b9ebcc27d52258d5b616083526a993ab6024ddaf86024ef17350adce3,2163.393,2426974170,0
cccfab00fb8d,ofat_threads,4GB,4295254520,d997553b9ebcc27d52258d5b616083526a993ab6024ddaf86024ef17350adce3,r50k_base,fixed_u16,lzma_fast,fast,subprocess_cli,library_batch,2097152,128,4,100.0649,22.9485,360.3276,483.341,8.475,1080894025,3.9737980048506607,1213487085,5938.83,51.8667,78.977,True,True,True,True,0.0,,done,2026-08-17T01:10:04Z,2026-08-17T01:19:00Z,./corpus/pg19_4gb.txt,d997553b9ebcc27d52258d5b616083526a993ab6024ddaf86024ef17350adce3,535.2593,2426974170,0
8c0de6f0d5f1,ofat_threads,4GB,4295254520,d997553b9ebcc27d52258d5b616083526a993ab6024ddaf86024ef17350adce3,r50k_base,fixed_u16,zstd_19,max,subprocess_cli,library_batch,2097152,128,1,338.5562,22.4318,1036.4834,1397.4715,2.931,1143224959,3.757138510829171,1213487085,4570.88,48.8115,83.92,True,True,True,True,0.0,,done,2026-08-17T01:19:00Z,2026-08-17T01:43:07Z,./corpus/pg19_4gb.txt,d997553b9ebcc27d52258d5b616083526a993ab6024ddaf86024ef17350adce3,1446.3296,2426974170,0
1266dec5ebeb,ofat_threads,4GB,4295254520,d997553b9ebcc27d52258d5b616083526a993ab6024ddaf86024ef17350adce3,r50k_base,fixed_u16,zstd_19,max,subprocess_cli,library_batch,2097152,128,4,102.0198,22.5528,313.3981,437.9706,9.353,1143224959,3.757138510829171,1213487085,4992.45,49.9689,81.977,True,True,True,True,0.0,,done,2026-08-17T01:43:07Z,2026-08-17T01:51:15Z,./corpus/pg19_4gb.txt,d997553b9ebcc27d52258d5b616083526a993ab6024ddaf86024ef17350adce3,487.9866,2426974170,0
831122de5dec,ofat_threads,4GB,4295254520,d997553b9ebcc27d52258d5b616083526a993ab6024ddaf86024ef17350adce3,r50k_base,fixed_u16,zstd_12,fast,subprocess_cli,library_batch,2097152,128,1,330.0227,21.7013,95.0176,446.7416,9.169,1273717709,3.3722185768871964,1213487085,4337.55,48.7254,84.069,True,True,True,True,0.0,,done,2026-08-17T01:51:15Z,2026-08-17T01:59:31Z,./corpus/pg19_4gb.txt,d997553b9ebcc27d52258d5b616083526a993ab6024ddaf86024ef17350adce3,495.5135,2426974170,0
f87abdebaa50,ofat_threads,4GB,4295254520,d997553b9ebcc27d52258d5b616083526a993ab6024ddaf86024ef17350adce3,r50k_base,fixed_u16,zstd_12,fast,subprocess_cli,library_batch,2097152,128,4,93.8075,21.5763,37.3065,152.6903,26.827,1273717709,3.3722185768871964,1213487085,4586.35,48.6129,84.263,True,True,True,True,0.0,,done,2026-08-17T01:59:31Z,2026-08-17T02:02:52Z,./corpus/pg19_4gb.txt,d997553b9ebcc27d52258d5b616083526a993ab6024ddaf86024ef17350adce3,201.3487,2426974170,0
a3781938f55a,ratio_grid,64MB,67217635,ebc84b4c6c085759c1bb65cbb8f6e14221b7f512dac4a29fb3e2d06a1a54b21c,none,raw_utf8,lzma_fast,fast,subprocess_cli,library_batch,2097152,128,20,0.0,0.0,143.0471,143.0471,0.448,18612808,3.611364550690041,0,520.29,1.064,60.25,True,True,True,True,0.0,,done,2026-08-16T06:15:16Z,2026-08-16T06:17:41Z,./corpus/pg19_64mb.txt,ebc84b4c6c085759c1bb65cbb8f6e14221b7f512dac4a29fb3e2d06a1a54b21c,144.1116,,
019fd2666e94,ratio_grid,64MB,67217635,ebc84b4c6c085759c1bb65cbb8f6e14221b7f512dac4a29fb3e2d06a1a54b21c,none,raw_utf8,zstd_12,fast,subprocess_cli,library_batch,2097152,128,20,0.0,0.0,4.1721,4.1721,15.365,21442287,3.134816496020224,0,262.09,0.1992,321.87,True,True,True,True,0.0,,done,2026-08-16T06:17:41Z,2026-08-16T06:17:45Z,./corpus/pg19_64mb.txt,ebc84b4c6c085759c1bb65cbb8f6e14221b7f512dac4a29fb3e2d06a1a54b21c,4.3718,,
c39e42aa175c,ratio_grid,64MB,67217635,ebc84b4c6c085759c1bb65cbb8f6e14221b7f512dac4a29fb3e2d06a1a54b21c,none,raw_utf8,gzip_9,fast,subprocess_cli,library_batch,2097152,128,20,0.0,0.0,11.5547,11.5547,5.548,25255803,2.661472890012644,0,49.66,0.9601,66.771,True,True,True,True,0.0,,done,2026-08-16T06:17:45Z,2026-08-16T06:17:58Z,./corpus/pg19_64mb.txt,ebc84b4c6c085759c1bb65cbb8f6e14221b7f512dac4a29fb3e2d06a1a54b21c,12.5152,,
9187de07e3be,ratio_grid,64MB,67217635,ebc84b4c6c085759c1bb65cbb8f6e14221b7f512dac4a29fb3e2d06a1a54b21c,none,raw_utf8,bz2_9,fast,subprocess_cli,library_batch,2097152,128,20,0.0,0.0,8.3469,8.3469,7.68,19095814,3.5200193613113324,0,53.73,3.7019,17.317,True,True,True,True,0.0,,done,2026-08-16T06:17:58Z,2026-08-16T06:18:11Z,./corpus/pg19_64mb.txt,ebc84b4c6c085759c1bb65cbb8f6e14221b7f512dac4a29fb3e2d06a1a54b21c,12.0493,,
341e6079b3ba,ratio_grid,64MB,67217635,ebc84b4c6c085759c1bb65cbb8f6e14221b7f512dac4a29fb3e2d06a1a54b21c,o200k_base,leb128,lzma_fast,fast,subprocess_cli,library_batch,2097152,128,20,1.1919,1.5978,43.2263,46.016,1.393,18322022,3.6686799633795877,16052638,1542.71,2.7218,23.552,True,True,True,True,0.0,,done,2026-08-16T06:18:38Z,2026-08-16T06:19:27Z,./corpus/pg19_64mb.txt,ebc84b4c6c085759c1bb65cbb8f6e14221b7f512dac4a29fb3e2d06a1a54b21c,49.1066,,
c6f16cd9c7f4,ratio_grid,64MB,67217635,ebc84b4c6c085759c1bb65cbb8f6e14221b7f512dac4a29fb3e2d06a1a54b21c,o200k_base,leb128,zstd_12,fast,subprocess_cli,library_batch,2097152,128,20,1.2416,1.6616,2.5297,5.4329,11.799,20269561,3.316186028893275,16052638,1566.04,2.6322,24.354,True,True,True,True,0.0,,done,2026-08-16T06:19:27Z,2026-08-16T06:19:36Z,./corpus/pg19_64mb.txt,ebc84b4c6c085759c1bb65cbb8f6e14221b7f512dac4a29fb3e2d06a1a54b21c,8.4205,,
0c9526e36a90,ratio_grid,64MB,67217635,ebc84b4c6c085759c1bb65cbb8f6e14221b7f512dac4a29fb3e2d06a1a54b21c,o200k_base,leb128,gzip_9,fast,subprocess_cli,library_batch,2097152,128,20,1.2332,1.4637,2.8407,5.5376,11.576,23138046,2.905069641576475,16052638,1568.42,3.3111,19.36,True,True,True,True,0.0,,done,2026-08-16T06:19:36Z,2026-08-16T06:19:46Z,./corpus/pg19_64mb.txt,ebc84b4c6c085759c1bb65cbb8f6e14221b7f512dac4a29fb3e2d06a1a54b21c,9.2111,,
aaf468f53a37,ratio_grid,64MB,67217635,ebc84b4c6c085759c1bb65cbb8f6e14221b7f512dac4a29fb3e2d06a1a54b21c,o200k_base,leb128,bz2_9,fast,subprocess_cli,library_batch,2097152,128,20,1.2731,1.4842,4.0329,6.7902,9.441,20077416,3.3479226111567346,16052638,1529.96,5.7072,11.232,True,True,True,True,0.0,,done,2026-08-16T06:19:46Z,2026-08-16T06:19:59Z,./corpus/pg19_64mb.txt,ebc84b4c6c085759c1bb65cbb8f6e14221b7f512dac4a29fb3e2d06a1a54b21c,12.8667,,
8905840dd8f0,ratio_grid,64MB,67217635,ebc84b4c6c085759c1bb65cbb8f6e14221b7f512dac4a29fb3e2d06a1a54b21c,cl100k_base,leb128,lzma_fast,fast,subprocess_cli,library_batch,2097152,128,20,1.8317,1.5705,33.0516,36.4538,1.758,18198411,3.693599127967821,16218358,1567.71,2.9272,21.899,True,True,True,True,0.0,,done,2026-08-16T06:19:59Z,2026-08-16T06:20:39Z,./corpus/pg19_64mb.txt,ebc84b4c6c085759c1bb65cbb8f6e14221b7f512dac4a29fb3e2d06a1a54b21c,39.5744,,
a84486e3ef09,ratio_grid,64MB,67217635,ebc84b4c6c085759c1bb65cbb8f6e14221b7f512dac4a29fb3e2d06a1a54b21c,cl100k_base,leb128,zstd_12,fast,subprocess_cli,library_batch,2097152,128,20,1.726,1.679,3.0947,6.4997,9.863,20146123,3.3365047458511,16218358,1529.9,2.8557,22.448,True,True,True,True,0.0,,done,2026-08-16T06:20:39Z,2026-08-16T06:20:49Z,./corpus/pg19_64mb.txt,ebc84b4c6c085759c1bb65cbb8f6e14221b7f512dac4a29fb3e2d06a1a54b21c,9.5418,,
6bb8fd5070b3,ratio_grid,64MB,67217635,ebc84b4c6c085759c1bb65cbb8f6e14221b7f512dac4a29fb3e2d06a1a54b21c,cl100k_base,leb128,gzip_9,fast,subprocess_cli,library_batch,2097152,128,20,1.7949,1.5856,3.1856,6.5661,9.763,22827497,2.9445906837705422,16218358,1537.94,3.1577,20.301,True,True,True,True,0.0,,done,2026-08-16T06:20:49Z,2026-08-16T06:20:59Z,./corpus/pg19_64mb.txt,ebc84b4c6c085759c1bb65cbb8f6e14221b7f512dac4a29fb3e2d06a1a54b21c,9.9108,,
8e8e941505ec,ratio_grid,64MB,67217635,ebc84b4c6c085759c1bb65cbb8f6e14221b7f512dac4a29fb3e2d06a1a54b21c,cl100k_base,leb128,bz2_9,fast,subprocess_cli,library_batch,2097152,128,20,1.8387,1.5032,4.1489,7.4908,8.558,19911395,3.3758375543250487,16218358,1554.35,5.6782,11.29,True,True,True,True,0.0,,done,2026-08-16T06:20:59Z,2026-08-16T06:21:13Z,./corpus/pg19_64mb.txt,ebc84b4c6c085759c1bb65cbb8f6e14221b7f512dac4a29fb3e2d06a1a54b21c,13.3644,,
243833b17a8c,ratio_grid,64MB,67217635,ebc84b4c6c085759c1bb65cbb8f6e14221b7f512dac4a29fb3e2d06a1a54b21c,r50k_base,leb128,lzma_fast,fast,subprocess_cli,library_batch,2097152,128,20,1.6763,1.6124,37.8956,41.1843,1.557,18247357,3.6836915614683265,18839512,1602.61,2.7467,23.339,True,True,True,True,0.0,,done,2026-08-16T06:21:13Z,2026-08-16T06:21:58Z,./corpus/pg19_64mb.txt,ebc84b4c6c085759c1bb65cbb8f6e14221b7f512dac4a29fb3e2d06a1a54b21c,44.0426,,
1ba46ad5e96f,ratio_grid,64MB,67217635,ebc84b4c6c085759c1bb65cbb8f6e14221b7f512dac4a29fb3e2d06a1a54b21c,r50k_base,leb128,zstd_12,fast,subprocess_cli,library_batch,2097152,128,20,1.697,1.5918,2.7465,6.0354,10.621,20481966,3.28179604438363,18839512,1642.52,2.0516,31.246,True,True,True,True,0.0,,done,2026-08-16T06:21:58Z,2026-08-16T06:22:06Z,./corpus/pg19_64mb.txt,ebc84b4c6c085759c1bb65cbb8f6e14221b7f512dac4a29fb3e2d06a1a54b21c,8.199,,
dce226158eb4,ratio_grid,64MB,67217635,ebc84b4c6c085759c1bb65cbb8f6e14221b7f512dac4a29fb3e2d06a1a54b21c,r50k_base,leb128,gzip_9,fast,subprocess_cli,library_batch,2097152,128,20,1.4496,1.271,6.4877,9.2083,6.962,22599597,2.9742846741913143,18839512,1568.68,3.6639,17.496,True,True,True,True,0.0,,done,2026-08-16T06:22:06Z,2026-08-16T06:22:20Z,./corpus/pg19_64mb.txt,ebc84b4c6c085759c1bb65cbb8f6e14221b7f512dac4a29fb3e2d06a1a54b21c,12.956,,
847e9e47cfb9,ratio_grid,64MB,67217635,ebc84b4c6c085759c1bb65cbb8f6e14221b7f512dac4a29fb3e2d06a1a54b21c,r50k_base,leb128,bz2_9,fast,subprocess_cli,library_batch,2097152,128,20,1.5596,1.5923,5.9219,9.0738,7.065,19693171,3.4132458911772003,18839512,1578.69,6.6378,9.657,True,True,True,True,0.0,,done,2026-08-16T06:22:20Z,2026-08-16T06:22:36Z,./corpus/pg19_64mb.txt,ebc84b4c6c085759c1bb65cbb8f6e14221b7f512dac4a29fb3e2d06a1a54b21c,15.8577,,
fcd3735f4989,ratio_grid,64MB,67217635,ebc84b4c6c085759c1bb65cbb8f6e14221b7f512dac4a29fb3e2d06a1a54b21c,r50k_base,fixed_u16,lzma_fast,fast,subprocess_cli,library_batch,2097152,128,20,1.5969,0.5826,24.1154,26.2949,2.438,17255941,3.8953329175151907,18839512,1039.46,0.8142,78.729,True,True,True,True,0.0,,done,2026-08-16T06:22:36Z,2026-08-16T06:23:04Z,./corpus/pg19_64mb.txt,ebc84b4c6c085759c1bb65cbb8f6e14221b7f512dac4a29fb3e2d06a1a54b21c,27.2516,,
f31bd0e66573,ratio_grid,64MB,67217635,ebc84b4c6c085759c1bb65cbb8f6e14221b7f512dac4a29fb3e2d06a1a54b21c,r50k_base,fixed_u16,zstd_12,fast,subprocess_cli,library_batch,2097152,128,20,0.8714,0.3566,1.4853,2.7134,23.625,20255115,3.3185511412796225,18839512,1001.88,0.7994,80.187,True,True,True,True,0.0,,done,2026-08-16T06:23:04Z,2026-08-16T06:23:08Z,./corpus/pg19_64mb.txt,ebc84b4c6c085759c1bb65cbb8f6e14221b7f512dac4a29fb3e2d06a1a54b21c,3.5618,,
c6402d7f7fe5,ratio_grid,64MB,67217635,ebc84b4c6c085759c1bb65cbb8f6e14221b7f512dac4a29fb3e2d06a1a54b21c,r50k_base,fixed_u16,gzip_9,fast,subprocess_cli,library_batch,2097152,128,20,0.8636,0.3479,4.295,5.5065,11.641,21938915,3.06385411493686,18839512,1039.54,0.9583,66.895,True,True,True,True,0.0,,done,2026-08-16T06:23:08Z,2026-08-16T06:23:14Z,./corpus/pg19_64mb.txt,ebc84b4c6c085759c1bb65cbb8f6e14221b7f512dac4a29fb3e2d06a1a54b21c,6.5156,,
f680979d4f47,ratio_grid,64MB,67217635,ebc84b4c6c085759c1bb65cbb8f6e14221b7f512dac4a29fb3e2d06a1a54b21c,r50k_base,fixed_u16,bz2_9,fast,subprocess_cli,library_batch,2097152,128,20,0.8792,0.3392,2.25,3.4685,18.482,19887507,3.37989246213716,18839512,1041.74,2.0058,31.959,True,True,True,True,0.0,,done,2026-08-16T06:23:14Z,2026-08-16T06:23:20Z,./corpus/pg19_64mb.txt,ebc84b4c6c085759c1bb65cbb8f6e14221b7f512dac4a29fb3e2d06a1a54b21c,5.5233,,
31b1b3122663,ratio_grid,64MB,67217635,ebc84b4c6c085759c1bb65cbb8f6e14221b7f512dac4a29fb3e2d06a1a54b21c,p50k_base,leb128,lzma_fast,fast,subprocess_cli,library_batch,2097152,128,20,0.8919,0.962,20.1226,21.9766,2.917,18207969,3.6916602285515756,18210101,1561.74,1.3711,46.753,True,True,True,True,0.0,,done,2026-08-16T06:23:20Z,2026-08-16T06:23:43Z,./corpus/pg19_64mb.txt,ebc84b4c6c085759c1bb65cbb8f6e14221b7f512dac4a29fb3e2d06a1a54b21c,23.3971,,
d5d81d76699b,ratio_grid,64MB,67217635,ebc84b4c6c085759c1bb65cbb8f6e14221b7f512dac4a29fb3e2d06a1a54b21c,p50k_base,leb128,zstd_12,fast,subprocess_cli,library_batch,2097152,128,20,0.9554,0.981,1.541,3.4774,18.434,20423005,3.2912705549452688,18210101,1566.45,1.3934,46.004,True,True,True,True,0.0,,done,2026-08-16T06:23:43Z,2026-08-16T06:23:49Z,./corpus/pg19_64mb.txt,ebc84b4c6c085759c1bb65cbb8f6e14221b7f512dac4a29fb3e2d06a1a54b21c,4.9195,,
71fa8bbcbb58,ratio_grid,64MB,67217635,ebc84b4c6c085759c1bb65cbb8f6e14221b7f512dac4a29fb3e2d06a1a54b21c,p50k_base,leb128,gzip_9,fast,subprocess_cli,library_batch,2097152,128,20,0.8754,0.9488,4.0993,5.9235,10.822,22555345,2.980120011465132,18210101,1591.05,1.5263,42.0,True,True,True,True,0.0,,done,2026-08-16T06:23:49Z,2026-08-16T06:23:56Z,./corpus/pg19_64mb.txt,ebc84b4c6c085759c1bb65cbb8f6e14221b7f512dac4a29fb3e2d06a1a54b21c,7.499,,
0a09cd0147ca,ratio_grid,64MB,67217635,ebc84b4c6c085759c1bb65cbb8f6e14221b7f512dac4a29fb3e2d06a1a54b21c,p50k_base,leb128,bz2_9,fast,subprocess_cli,library_batch,2097152,128,20,0.9637,0.8523,2.0799,3.8959,16.454,19729657,3.4069337850120758,18210101,1531.8,2.6973,23.766,True,True,True,True,0.0,,done,2026-08-16T06:23:56Z,2026-08-16T06:24:03Z,./corpus/pg19_64mb.txt,ebc84b4c6c085759c1bb65cbb8f6e14221b7f512dac4a29fb3e2d06a1a54b21c,6.642,,
53406c54d876,ratio_grid,64MB,67217635,ebc84b4c6c085759c1bb65cbb8f6e14221b7f512dac4a29fb3e2d06a1a54b21c,p50k_base,fixed_u16,lzma_fast,fast,subprocess_cli,library_batch,2097152,128,20,0.8799,0.342,20.6844,21.9063,2.926,17208333,3.906109615614714,18210101,1099.04,0.8546,75.009,True,True,True,True,0.0,,done,2026-08-16T06:24:03Z,2026-08-16T06:24:26Z,./corpus/pg19_64mb.txt,ebc84b4c6c085759c1bb65cbb8f6e14221b7f512dac4a29fb3e2d06a1a54b21c,22.8099,,
a2333fe05dc4,ratio_grid,64MB,67217635,ebc84b4c6c085759c1bb65cbb8f6e14221b7f512dac4a29fb3e2d06a1a54b21c,p50k_base,fixed_u16,zstd_12,fast,subprocess_cli,library_batch,2097152,128,20,0.9489,0.3217,1.4881,2.7587,23.237,20205949,3.326625985248206,18210101,960.19,0.858,74.715,True,True,True,True,0.0,,done,2026-08-16T06:24:26Z,2026-08-16T06:24:30Z,./corpus/pg19_64mb.txt,ebc84b4c6c085759c1bb65cbb8f6e14221b7f512dac4a29fb3e2d06a1a54b21c,3.666,,
6c1678630d47,ratio_grid,64MB,67217635,ebc84b4c6c085759c1bb65cbb8f6e14221b7f512dac4a29fb3e2d06a1a54b21c,p50k_base,fixed_u16,gzip_9,fast,subprocess_cli,library_batch,2097152,128,20,1.0023,0.3477,4.4157,5.7657,11.118,21889180,3.0708155810313587,18210101,1032.11,1.065,60.19,True,True,True,True,0.0,,done,2026-08-16T06:24:30Z,2026-08-16T06:24:37Z,./corpus/pg19_64mb.txt,ebc84b4c6c085759c1bb65cbb8f6e14221b7f512dac4a29fb3e2d06a1a54b21c,6.8804,,
69a81ae23654,ratio_grid,64MB,67217635,ebc84b4c6c085759c1bb65cbb8f6e14221b7f512dac4a29fb3e2d06a1a54b21c,p50k_base,fixed_u16,bz2_9,fast,subprocess_cli,library_batch,2097152,128,20,0.9333,0.3665,2.2543,3.5541,18.036,19865426,3.3836493111197314,18210101,1034.25,2.0996,30.531,True,True,True,True,0.0,,done,2026-08-16T06:24:37Z,2026-08-16T06:24:43Z,./corpus/pg19_64mb.txt,ebc84b4c6c085759c1bb65cbb8f6e14221b7f512dac4a29fb3e2d06a1a54b21c,5.7046,,
14108c559b3d,ofat_threads,64MB,67217635,ebc84b4c6c085759c1bb65cbb8f6e14221b7f512dac4a29fb3e2d06a1a54b21c,o200k_base,leb128,lzma_fast,fast,subprocess_cli,library_batch,2097152,128,1,3.1336,0.9553,21.0537,25.1425,2.55,18322014,3.668681565247139,16052638,1534.82,1.7708,36.2,True,True,True,True,0.0,,done,2026-08-16T06:24:43Z,2026-08-16T06:25:10Z,./corpus/pg19_64mb.txt,ebc84b4c6c085759c1bb65cbb8f6e14221b7f512dac4a29fb3e2d06a1a54b21c,27.0833,,
a21852c56364,ofat_threads,64MB,67217635,ebc84b4c6c085759c1bb65cbb8f6e14221b7f512dac4a29fb3e2d06a1a54b21c,o200k_base,leb128,lzma_fast,fast,subprocess_cli,library_batch,2097152,128,4,1.0666,0.7774,19.7127,21.5567,2.974,18322022,3.6686799633795877,16052638,1518.95,1.3697,46.801,True,True,True,True,0.0,,done,2026-08-16T06:25:10Z,2026-08-16T06:25:33Z,./corpus/pg19_64mb.txt,ebc84b4c6c085759c1bb65cbb8f6e14221b7f512dac4a29fb3e2d06a1a54b21c,23.0957,,
0ddcbf064e5f,ofat_layout,64MB,67217635,ebc84b4c6c085759c1bb65cbb8f6e14221b7f512dac4a29fb3e2d06a1a54b21c,o200k_base,leb128,lzma_fast,fast,subprocess_cli,manual_pool,2097152,128,20,0.7579,0.8483,20.4737,22.0799,2.903,18322022,3.6686799633795877,16052638,1612.33,1.3978,45.861,True,True,True,True,0.0,,done,2026-08-16T06:25:33Z,2026-08-16T06:25:57Z,./corpus/pg19_64mb.txt,ebc84b4c6c085759c1bb65cbb8f6e14221b7f512dac4a29fb3e2d06a1a54b21c,23.6401,,
907dbf083a10,ofat_layout,64MB,67217635,ebc84b4c6c085759c1bb65cbb8f6e14221b7f512dac4a29fb3e2d06a1a54b21c,o200k_base,leb128,lzma_fast,fast,subprocess_cli,process_pool,2097152,128,20,0.7952,0.8985,20.4303,22.124,2.897,18322022,3.6686799633795877,16052638,3508.9,1.3773,46.543,True,True,True,True,0.6995,,done,2026-08-16T06:25:57Z,2026-08-16T06:26:22Z,./corpus/pg19_64mb.txt,ebc84b4c6c085759c1bb65cbb8f6e14221b7f512dac4a29fb3e2d06a1a54b21c,24.3782,,
e493affd65c0,ofat_chunk_size,64MB,67217635,ebc84b4c6c085759c1bb65cbb8f6e14221b7f512dac4a29fb3e2d06a1a54b21c,o200k_base,leb128,lzma_fast,fast,subprocess_cli,library_batch,1048576,128,20,0.651,0.7822,19.7285,21.1617,3.029,18322022,3.6686799633795877,16052638,1492.88,1.361,47.099,True,True,True,True,0.0,,done,2026-08-16T06:26:35Z,2026-08-16T06:26:58Z,./corpus/pg19_64mb.txt,ebc84b4c6c085759c1bb65cbb8f6e14221b7f512dac4a29fb3e2d06a1a54b21c,22.6851,,
a0e7b73409c6,ofat_chunk_size,64MB,67217635,ebc84b4c6c085759c1bb65cbb8f6e14221b7f512dac4a29fb3e2d06a1a54b21c,o200k_base,leb128,lzma_fast,fast,subprocess_cli,library_batch,4194304,128,20,0.6482,0.7911,19.156,20.5954,3.113,18322022,3.6686799633795877,16052638,1599.17,1.3442,47.691,True,True,True,True,0.0,,done,2026-08-16T06:26:58Z,2026-08-16T06:27:20Z,./corpus/pg19_64mb.txt,ebc84b4c6c085759c1bb65cbb8f6e14221b7f512dac4a29fb3e2d06a1a54b21c,22.0974,,
81cf4e1591fb,ofat_batch_chunks,64MB,67217635,ebc84b4c6c085759c1bb65cbb8f6e14221b7f512dac4a29fb3e2d06a1a54b21c,o200k_base,leb128,lzma_fast,fast,subprocess_cli,library_batch,2097152,64,20,0.7443,0.8114,19.1774,20.7331,3.092,18322022,3.6686799633795877,16052638,1529.07,1.3309,48.167,True,True,True,True,0.0,,done,2026-08-16T06:27:20Z,2026-08-16T06:27:42Z,./corpus/pg19_64mb.txt,ebc84b4c6c085759c1bb65cbb8f6e14221b7f512dac4a29fb3e2d06a1a54b21c,22.222,,
07771be9e410,ofat_batch_chunks,64MB,67217635,ebc84b4c6c085759c1bb65cbb8f6e14221b7f512dac4a29fb3e2d06a1a54b21c,o200k_base,leb128,lzma_fast,fast,subprocess_cli,library_batch,2097152,256,20,0.7478,0.8016,19.1148,20.6642,3.102,18322022,3.6686799633795877,16052638,1530.11,1.3463,47.614,True,True,True,True,0.0,,done,2026-08-16T06:27:42Z,2026-08-16T06:28:05Z,./corpus/pg19_64mb.txt,ebc84b4c6c085759c1bb65cbb8f6e14221b7f512dac4a29fb3e2d06a1a54b21c,22.1699,,
e25af5b78add,ofat_threads,64MB,67217635,ebc84b4c6c085759c1bb65cbb8f6e14221b7f512dac4a29fb3e2d06a1a54b21c,o200k_base,leb128,zstd_12,fast,subprocess_cli,library_batch,2097152,128,1,2.8951,0.7748,1.4194,5.0893,12.596,20269561,3.316186028893275,16052638,1592.93,1.3098,48.943,True,True,True,True,0.0,,done,2026-08-16T06:28:05Z,2026-08-16T06:28:11Z,./corpus/pg19_64mb.txt,ebc84b4c6c085759c1bb65cbb8f6e14221b7f512dac4a29fb3e2d06a1a54b21c,6.5548,,
fcfb89f38824,ofat_threads,64MB,67217635,ebc84b4c6c085759c1bb65cbb8f6e14221b7f512dac4a29fb3e2d06a1a54b21c,o200k_base,leb128,zstd_12,fast,subprocess_cli,library_batch,2097152,128,4,1.0562,0.7701,1.3728,3.1992,20.038,20269561,3.316186028893275,16052638,1600.92,1.3042,49.153,True,True,True,True,0.0,,done,2026-08-16T06:28:11Z,2026-08-16T06:28:16Z,./corpus/pg19_64mb.txt,ebc84b4c6c085759c1bb65cbb8f6e14221b7f512dac4a29fb3e2d06a1a54b21c,4.6615,,
dac449c6e5fa,ofat_layout,64MB,67217635,ebc84b4c6c085759c1bb65cbb8f6e14221b7f512dac4a29fb3e2d06a1a54b21c,o200k_base,leb128,zstd_12,fast,subprocess_cli,manual_pool,2097152,128,20,0.6896,0.7727,1.3804,2.8428,22.55,20269561,3.316186028893275,16052638,1561.84,1.2903,49.682,True,True,True,True,0.0,,done,2026-08-16T06:28:16Z,2026-08-16T06:28:21Z,./corpus/pg19_64mb.txt,ebc84b4c6c085759c1bb65cbb8f6e14221b7f512dac4a29fb3e2d06a1a54b21c,4.2961,,
8adffbea797b,ofat_layout,64MB,67217635,ebc84b4c6c085759c1bb65cbb8f6e14221b7f512dac4a29fb3e2d06a1a54b21c,o200k_base,leb128,zstd_12,fast,subprocess_cli,process_pool,2097152,128,20,0.7002,0.8057,1.5952,3.1011,20.671,20269561,3.316186028893275,16052638,3443.72,1.3366,47.961,True,True,True,True,0.5524,,done,2026-08-16T06:28:21Z,2026-08-16T06:28:26Z,./corpus/pg19_64mb.txt,ebc84b4c6c085759c1bb65cbb8f6e14221b7f512dac4a29fb3e2d06a1a54b21c,5.1608,,
40a5a928a915,ofat_transport,64MB,67217635,ebc84b4c6c085759c1bb65cbb8f6e14221b7f512dac4a29fb3e2d06a1a54b21c,o200k_base,leb128,zstd_12,fast,in_process_binding,library_batch,2097152,128,20,0.7495,0.7905,1.5267,3.0666,20.904,20269561,3.316186028893275,16052638,1524.71,1.4391,44.546,True,True,True,True,0.0,,done,2026-08-16T06:28:26Z,2026-08-16T06:28:31Z,./corpus/pg19_64mb.txt,ebc84b4c6c085759c1bb65cbb8f6e14221b7f512dac4a29fb3e2d06a1a54b21c,4.6683,,
024652c69639,ofat_chunk_size,64MB,67217635,ebc84b4c6c085759c1bb65cbb8f6e14221b7f512dac4a29fb3e2d06a1a54b21c,o200k_base,leb128,zstd_12,fast,subprocess_cli,library_batch,1048576,128,20,0.5778,0.7924,1.3863,2.7565,23.256,20269561,3.316186028893275,16052638,1494.29,1.3072,49.038,True,True,True,True,0.0,,done,2026-08-16T06:28:31Z,2026-08-16T06:28:35Z,./corpus/pg19_64mb.txt,ebc84b4c6c085759c1bb65cbb8f6e14221b7f512dac4a29fb3e2d06a1a54b21c,4.2227,,
52b5b4e8608d,ofat_chunk_size,64MB,67217635,ebc84b4c6c085759c1bb65cbb8f6e14221b7f512dac4a29fb3e2d06a1a54b21c,o200k_base,leb128,zstd_12,fast,subprocess_cli,library_batch,4194304,128,20,0.6102,0.8066,1.4376,2.8544,22.458,20269561,3.316186028893275,16052638,1618.49,1.329,48.236,True,True,True,True,0.0,,done,2026-08-16T06:28:35Z,2026-08-16T06:28:40Z,./corpus/pg19_64mb.txt,ebc84b4c6c085759c1bb65cbb8f6e14221b7f512dac4a29fb3e2d06a1a54b21c,4.3389,,
f2b7c8d0e4eb,ofat_batch_chunks,64MB,67217635,ebc84b4c6c085759c1bb65cbb8f6e14221b7f512dac4a29fb3e2d06a1a54b21c,o200k_base,leb128,zstd_12,fast,subprocess_cli,library_batch,2097152,64,20,0.7093,0.781,1.4348,2.9251,21.915,20269561,3.316186028893275,16052638,1613.18,1.2991,49.344,True,True,True,True,0.0,,done,2026-08-16T06:28:40Z,2026-08-16T06:28:44Z,./corpus/pg19_64mb.txt,ebc84b4c6c085759c1bb65cbb8f6e14221b7f512dac4a29fb3e2d06a1a54b21c,4.3897,,
0139b5673dbe,ofat_batch_chunks,64MB,67217635,ebc84b4c6c085759c1bb65cbb8f6e14221b7f512dac4a29fb3e2d06a1a54b21c,o200k_base,leb128,zstd_12,fast,subprocess_cli,library_batch,2097152,256,20,0.7181,0.7721,1.4049,2.8951,22.142,20269561,3.316186028893275,16052638,1528.43,1.3158,48.719,True,True,True,True,0.0,,done,2026-08-16T06:28:44Z,2026-08-16T06:28:49Z,./corpus/pg19_64mb.txt,ebc84b4c6c085759c1bb65cbb8f6e14221b7f512dac4a29fb3e2d06a1a54b21c,4.3717,,
027294f9f7ec,ofat_threads,64MB,67217635,ebc84b4c6c085759c1bb65cbb8f6e14221b7f512dac4a29fb3e2d06a1a54b21c,none,raw_utf8,lzma_fast,fast,subprocess_cli,library_batch,2097152,128,1,0.0,0.0,47.7964,47.7964,1.341,18608196,3.6122596193634244,0,415.72,0.4645,138.019,True,True,True,True,0.0,,done,2026-08-16T06:28:49Z,2026-08-16T06:29:37Z,./corpus/pg19_64mb.txt,ebc84b4c6c085759c1bb65cbb8f6e14221b7f512dac4a29fb3e2d06a1a54b21c,48.2612,,
347451e14b94,ofat_threads,64MB,67217635,ebc84b4c6c085759c1bb65cbb8f6e14221b7f512dac4a29fb3e2d06a1a54b21c,none,raw_utf8,lzma_fast,fast,subprocess_cli,library_batch,2097152,128,4,0.0,0.0,48.0687,48.0687,1.334,18612808,3.611364550690041,0,519.91,0.4366,146.823,True,True,True,True,0.0,,done,2026-08-16T06:29:37Z,2026-08-16T06:30:26Z,./corpus/pg19_64mb.txt,ebc84b4c6c085759c1bb65cbb8f6e14221b7f512dac4a29fb3e2d06a1a54b21c,48.5056,,
c3a8ee9769f5,ofat_chunk_size,64MB,67217635,ebc84b4c6c085759c1bb65cbb8f6e14221b7f512dac4a29fb3e2d06a1a54b21c,none,raw_utf8,lzma_fast,fast,subprocess_cli,library_batch,1048576,128,20,0.0,0.0,46.8623,46.8623,1.368,18612808,3.611364550690041,0,519.95,0.4344,147.579,True,True,True,True,0.0,,done,2026-08-16T06:30:32Z,2026-08-16T06:31:20Z,./corpus/pg19_64mb.txt,ebc84b4c6c085759c1bb65cbb8f6e14221b7f512dac4a29fb3e2d06a1a54b21c,47.2969,,
ce0158572a89,ofat_chunk_size,64MB,67217635,ebc84b4c6c085759c1bb65cbb8f6e14221b7f512dac4a29fb3e2d06a1a54b21c,none,raw_utf8,lzma_fast,fast,subprocess_cli,library_batch,4194304,128,20,0.0,0.0,46.8481,46.8481,1.368,18612808,3.611364550690041,0,520.19,0.442,145.044,True,True,True,True,0.0,,done,2026-08-16T06:31:20Z,2026-08-16T06:32:07Z,./corpus/pg19_64mb.txt,ebc84b4c6c085759c1bb65cbb8f6e14221b7f512dac4a29fb3e2d06a1a54b21c,47.2903,,
f2c1d572f0ce,ofat_batch_chunks,64MB,67217635,ebc84b4c6c085759c1bb65cbb8f6e14221b7f512dac4a29fb3e2d06a1a54b21c,none,raw_utf8,lzma_fast,fast,subprocess_cli,library_batch,2097152,64,20,0.0,0.0,46.8467,46.8467,1.368,18612808,3.611364550690041,0,520.02,0.4483,142.982,True,True,True,True,0.0,,done,2026-08-16T06:32:07Z,2026-08-16T06:32:55Z,./corpus/pg19_64mb.txt,ebc84b4c6c085759c1bb65cbb8f6e14221b7f512dac4a29fb3e2d06a1a54b21c,47.2953,,
03d99de79a4e,ofat_batch_chunks,64MB,67217635,ebc84b4c6c085759c1bb65cbb8f6e14221b7f512dac4a29fb3e2d06a1a54b21c,none,raw_utf8,lzma_fast,fast,subprocess_cli,library_batch,2097152,256,20,0.0,0.0,47.1877,47.1877,1.358,18612808,3.611364550690041,0,519.88,0.4358,147.099,True,True,True,True,0.0,,done,2026-08-16T06:32:55Z,2026-08-16T06:33:42Z,./corpus/pg19_64mb.txt,ebc84b4c6c085759c1bb65cbb8f6e14221b7f512dac4a29fb3e2d06a1a54b21c,47.6237,,
602f32c56110,ofat_threads,64MB,67217635,ebc84b4c6c085759c1bb65cbb8f6e14221b7f512dac4a29fb3e2d06a1a54b21c,none,raw_utf8,zstd_12,fast,subprocess_cli,library_batch,2097152,128,1,0.0,0.0,3.1629,3.1629,20.267,21442287,3.134816496020224,0,170.24,0.0803,798.401,True,True,True,True,0.0,,done,2026-08-16T06:33:42Z,2026-08-16T06:33:46Z,./corpus/pg19_64mb.txt,ebc84b4c6c085759c1bb65cbb8f6e14221b7f512dac4a29fb3e2d06a1a54b21c,3.2434,,
eecf9dd63aa8,ofat_threads,64MB,67217635,ebc84b4c6c085759c1bb65cbb8f6e14221b7f512dac4a29fb3e2d06a1a54b21c,none,raw_utf8,zstd_12,fast,subprocess_cli,library_batch,2097152,128,4,0.0,0.0,1.8796,1.8796,34.106,21442287,3.134816496020224,0,261.63,0.0842,760.947,True,True,True,True,0.0,,done,2026-08-16T06:33:46Z,2026-08-16T06:33:48Z,./corpus/pg19_64mb.txt,ebc84b4c6c085759c1bb65cbb8f6e14221b7f512dac4a29fb3e2d06a1a54b21c,1.964,,
325b301f1c70,ofat_transport,64MB,67217635,ebc84b4c6c085759c1bb65cbb8f6e14221b7f512dac4a29fb3e2d06a1a54b21c,none,raw_utf8,zstd_12,fast,in_process_binding,library_batch,2097152,128,20,0.0,0.0,2.4955,2.4955,25.688,21442287,3.134816496020224,0,294.68,0.3602,177.979,True,True,True,True,0.0,,done,2026-08-16T06:33:48Z,2026-08-16T06:33:51Z,./corpus/pg19_64mb.txt,ebc84b4c6c085759c1bb65cbb8f6e14221b7f512dac4a29fb3e2d06a1a54b21c,2.8559,,
1bc98262e87f,ofat_chunk_size,64MB,67217635,ebc84b4c6c085759c1bb65cbb8f6e14221b7f512dac4a29fb3e2d06a1a54b21c,none,raw_utf8,zstd_12,fast,subprocess_cli,library_batch,1048576,128,20,0.0,0.0,1.8584,1.8584,34.495,21442287,3.134816496020224,0,261.82,0.0832,770.52,True,True,True,True,0.0,,done,2026-08-16T06:33:51Z,2026-08-16T06:33:53Z,./corpus/pg19_64mb.txt,ebc84b4c6c085759c1bb65cbb8f6e14221b7f512dac4a29fb3e2d06a1a54b21c,1.9417,,
1c2f54e2c940,ofat_chunk_size,64MB,67217635,ebc84b4c6c085759c1bb65cbb8f6e14221b7f512dac4a29fb3e2d06a1a54b21c,none,raw_utf8,zstd_12,fast,subprocess_cli,library_batch,4194304,128,20,0.0,0.0,1.8763,1.8763,34.166,21442287,3.134816496020224,0,261.68,0.0799,802.026,True,True,True,True,0.0,,done,2026-08-16T06:33:53Z,2026-08-16T06:33:55Z,./corpus/pg19_64mb.txt,ebc84b4c6c085759c1bb65cbb8f6e14221b7f512dac4a29fb3e2d06a1a54b21c,1.9564,,
6a2e371715b0,ofat_batch_chunks,64MB,67217635,ebc84b4c6c085759c1bb65cbb8f6e14221b7f512dac4a29fb3e2d06a1a54b21c,none,raw_utf8,zstd_12,fast,subprocess_cli,library_batch,2097152,64,20,0.0,0.0,1.899,1.899,33.757,21442287,3.134816496020224,0,261.67,0.0778,824.35,True,True,True,True,0.0,,done,2026-08-16T06:33:55Z,2026-08-16T06:33:57Z,./corpus/pg19_64mb.txt,ebc84b4c6c085759c1bb65cbb8f6e14221b7f512dac4a29fb3e2d06a1a54b21c,1.9769,,
1630f2d996f6,ofat_batch_chunks,64MB,67217635,ebc84b4c6c085759c1bb65cbb8f6e14221b7f512dac4a29fb3e2d06a1a54b21c,none,raw_utf8,zstd_12,fast,subprocess_cli,library_batch,2097152,256,20,0.0,0.0,1.9176,1.9176,33.429,21442287,3.134816496020224,0,262.0,0.0819,783.097,True,True,True,True,0.0,,done,2026-08-16T06:33:57Z,2026-08-16T06:33:59Z,./corpus/pg19_64mb.txt,ebc84b4c6c085759c1bb65cbb8f6e14221b7f512dac4a29fb3e2d06a1a54b21c,1.9996,,
c1e1923014ac,ofat_threads,64MB,67217635,ebc84b4c6c085759c1bb65cbb8f6e14221b7f512dac4a29fb3e2d06a1a54b21c,r50k_base,fixed_u16,lzma_fast,fast,subprocess_cli,library_batch,2097152,128,1,4.1029,0.3325,21.3614,25.7968,2.485,17255933,3.8953347234252704,18839512,1385.93,1.1825,54.212,True,True,True,True,0.0,,done,2026-08-16T06:33:59Z,2026-08-16T06:34:27Z,./corpus/pg19_64mb.txt,ebc84b4c6c085759c1bb65cbb8f6e14221b7f512dac4a29fb3e2d06a1a54b21c,27.0293,,
a94b2f21f8b0,ofat_threads,64MB,67217635,ebc84b4c6c085759c1bb65cbb8f6e14221b7f512dac4a29fb3e2d06a1a54b21c,r50k_base,fixed_u16,lzma_fast,fast,subprocess_cli,library_batch,2097152,128,4,1.5862,0.323,21.8751,23.7843,2.695,17255941,3.8953329175151907,18839512,1051.4,0.848,75.595,True,True,True,True,0.0,,done,2026-08-16T06:34:27Z,2026-08-16T06:34:52Z,./corpus/pg19_64mb.txt,ebc84b4c6c085759c1bb65cbb8f6e14221b7f512dac4a29fb3e2d06a1a54b21c,24.6822,,
839ffa211fda,ofat_layout,64MB,67217635,ebc84b4c6c085759c1bb65cbb8f6e14221b7f512dac4a29fb3e2d06a1a54b21c,r50k_base,fixed_u16,lzma_fast,fast,subprocess_cli,manual_pool,2097152,128,20,0.9198,0.3434,21.4231,22.6862,2.826,17255941,3.8953329175151907,18839512,1070.12,0.8135,78.803,True,True,True,True,0.0,,done,2026-08-16T06:34:52Z,2026-08-16T06:35:15Z,./corpus/pg19_64mb.txt,ebc84b4c6c085759c1bb65cbb8f6e14221b7f512dac4a29fb3e2d06a1a54b21c,23.549,,
a0843b22ebe1,ofat_layout,64MB,67217635,ebc84b4c6c085759c1bb65cbb8f6e14221b7f512dac4a29fb3e2d06a1a54b21c,r50k_base,fixed_u16,lzma_fast,fast,subprocess_cli,process_pool,2097152,128,20,0.8267,0.35,23.6085,24.7852,2.586,17255941,3.8953329175151907,18839512,1915.59,0.8452,75.846,True,True,True,True,0.3361,,done,2026-08-16T06:35:15Z,2026-08-16T06:35:41Z,./corpus/pg19_64mb.txt,ebc84b4c6c085759c1bb65cbb8f6e14221b7f512dac4a29fb3e2d06a1a54b21c,26.0261,,
058ffb6b5e19,ofat_chunk_size,64MB,67217635,ebc84b4c6c085759c1bb65cbb8f6e14221b7f512dac4a29fb3e2d06a1a54b21c,r50k_base,fixed_u16,lzma_fast,fast,subprocess_cli,library_batch,1048576,128,20,0.8773,0.3545,22.5721,23.8038,2.693,17255941,3.8953329175151907,18839512,932.94,0.8216,78.023,True,True,True,True,0.0,,done,2026-08-16T06:35:53Z,2026-08-16T06:36:18Z,./corpus/pg19_64mb.txt,ebc84b4c6c085759c1bb65cbb8f6e14221b7f512dac4a29fb3e2d06a1a54b21c,24.6757,,
dc3517f82044,ofat_chunk_size,64MB,67217635,ebc84b4c6c085759c1bb65cbb8f6e14221b7f512dac4a29fb3e2d06a1a54b21c,r50k_base,fixed_u16,lzma_fast,fast,subprocess_cli,library_batch,4194304,128,20,0.8668,0.3271,21.4856,22.6795,2.827,17255941,3.8953329175151907,18839512,1104.56,0.8264,77.565,True,True,True,True,0.0,,done,2026-08-16T06:36:18Z,2026-08-16T06:36:42Z,./corpus/pg19_64mb.txt,ebc84b4c6c085759c1bb65cbb8f6e14221b7f512dac4a29fb3e2d06a1a54b21c,23.555,,
817d308eaf4e,ofat_batch_chunks,64MB,67217635,ebc84b4c6c085759c1bb65cbb8f6e14221b7f512dac4a29fb3e2d06a1a54b21c,r50k_base,fixed_u16,lzma_fast,fast,subprocess_cli,library_batch,2097152,64,20,0.9219,0.3446,21.4392,22.7057,2.823,17255941,3.8953329175151907,18839512,1048.14,0.8246,77.737,True,True,True,True,0.0,,done,2026-08-16T06:36:42Z,2026-08-16T06:37:06Z,./corpus/pg19_64mb.txt,ebc84b4c6c085759c1bb65cbb8f6e14221b7f512dac4a29fb3e2d06a1a54b21c,23.5822,,
bbec23f4c947,ofat_batch_chunks,64MB,67217635,ebc84b4c6c085759c1bb65cbb8f6e14221b7f512dac4a29fb3e2d06a1a54b21c,r50k_base,fixed_u16,lzma_fast,fast,subprocess_cli,library_batch,2097152,256,20,0.9396,0.3295,21.3556,22.6248,2.833,17255941,3.8953329175151907,18839512,1034.07,0.8206,78.122,True,True,True,True,0.0,,done,2026-08-16T06:37:06Z,2026-08-16T06:37:29Z,./corpus/pg19_64mb.txt,ebc84b4c6c085759c1bb65cbb8f6e14221b7f512dac4a29fb3e2d06a1a54b21c,23.4954,,
06fe141988ab,ofat_threads,64MB,67217635,ebc84b4c6c085759c1bb65cbb8f6e14221b7f512dac4a29fb3e2d06a1a54b21c,r50k_base,fixed_u16,zstd_12,fast,subprocess_cli,library_batch,2097152,128,1,4.1341,0.3191,1.64,6.0932,10.521,20255115,3.3185511412796225,18839512,918.94,0.7647,83.831,True,True,True,True,0.0,,done,2026-08-16T06:37:29Z,2026-08-16T06:37:36Z,./corpus/pg19_64mb.txt,ebc84b4c6c085759c1bb65cbb8f6e14221b7f512dac4a29fb3e2d06a1a54b21c,6.9071,,
ae2dd067c4b8,ofat_threads,64MB,67217635,ebc84b4c6c085759c1bb65cbb8f6e14221b7f512dac4a29fb3e2d06a1a54b21c,r50k_base,fixed_u16,zstd_12,fast,subprocess_cli,library_batch,2097152,128,4,1.6053,0.332,1.5063,3.4435,18.616,20255115,3.3185511412796225,18839512,1051.83,0.7797,82.212,True,True,True,True,0.0,,done,2026-08-16T06:37:36Z,2026-08-16T06:37:41Z,./corpus/pg19_64mb.txt,ebc84b4c6c085759c1bb65cbb8f6e14221b7f512dac4a29fb3e2d06a1a54b21c,4.2739,,
4e408dab9e2e,ofat_layout,64MB,67217635,ebc84b4c6c085759c1bb65cbb8f6e14221b7f512dac4a29fb3e2d06a1a54b21c,r50k_base,fixed_u16,zstd_12,fast,subprocess_cli,manual_pool,2097152,128,20,0.9173,0.3251,1.5419,2.7844,23.023,20255115,3.3185511412796225,18839512,1073.32,0.7871,81.443,True,True,True,True,0.0,,done,2026-08-16T06:37:41Z,2026-08-16T06:37:45Z,./corpus/pg19_64mb.txt,ebc84b4c6c085759c1bb65cbb8f6e14221b7f512dac4a29fb3e2d06a1a54b21c,3.6201,,
a46159cb0431,ofat_layout,64MB,67217635,ebc84b4c6c085759c1bb65cbb8f6e14221b7f512dac4a29fb3e2d06a1a54b21c,r50k_base,fixed_u16,zstd_12,fast,subprocess_cli,process_pool,2097152,128,20,0.8382,0.3371,1.6063,2.7815,23.046,20255115,3.3185511412796225,18839512,1980.06,0.7866,81.499,True,True,True,True,0.3286,,done,2026-08-16T06:37:45Z,2026-08-16T06:37:49Z,./corpus/pg19_64mb.txt,ebc84b4c6c085759c1bb65cbb8f6e14221b7f512dac4a29fb3e2d06a1a54b21c,3.9574,,
218bcf280fd6,ofat_transport,64MB,67217635,ebc84b4c6c085759c1bb65cbb8f6e14221b7f512dac4a29fb3e2d06a1a54b21c,r50k_base,fixed_u16,zstd_12,fast,in_process_binding,library_batch,2097152,128,20,0.8807,0.3276,1.8543,3.0626,20.931,20255115,3.3185511412796225,18839512,1002.52,0.9142,70.122,True,True,True,True,0.0,,done,2026-08-16T06:37:49Z,2026-08-16T06:37:53Z,./corpus/pg19_64mb.txt,ebc84b4c6c085759c1bb65cbb8f6e14221b7f512dac4a29fb3e2d06a1a54b21c,4.0275,,
a38d55a34afc,ofat_chunk_size,64MB,67217635,ebc84b4c6c085759c1bb65cbb8f6e14221b7f512dac4a29fb3e2d06a1a54b21c,r50k_base,fixed_u16,zstd_12,fast,subprocess_cli,library_batch,1048576,128,20,0.8949,0.3509,1.5237,2.7695,23.146,20255115,3.3185511412796225,18839512,1001.44,0.7813,82.046,True,True,True,True,0.0,,done,2026-08-16T06:37:53Z,2026-08-16T06:37:57Z,./corpus/pg19_64mb.txt,ebc84b4c6c085759c1bb65cbb8f6e14221b7f512dac4a29fb3e2d06a1a54b21c,3.6006,,
085324aea335,ofat_chunk_size,64MB,67217635,ebc84b4c6c085759c1bb65cbb8f6e14221b7f512dac4a29fb3e2d06a1a54b21c,r50k_base,fixed_u16,zstd_12,fast,subprocess_cli,library_batch,4194304,128,20,0.876,0.3346,1.5516,2.7622,23.207,20255115,3.3185511412796225,18839512,1076.3,0.781,82.08,True,True,True,True,0.0,,done,2026-08-16T06:37:57Z,2026-08-16T06:38:01Z,./corpus/pg19_64mb.txt,ebc84b4c6c085759c1bb65cbb8f6e14221b7f512dac4a29fb3e2d06a1a54b21c,3.5926,,
e477677f2d6f,ofat_batch_chunks,64MB,67217635,ebc84b4c6c085759c1bb65cbb8f6e14221b7f512dac4a29fb3e2d06a1a54b21c,r50k_base,fixed_u16,zstd_12,fast,subprocess_cli,library_batch,2097152,64,20,0.8751,0.3526,1.5362,2.7639,23.193,20255115,3.3185511412796225,18839512,1036.61,0.7772,82.477,True,True,True,True,0.0,,done,2026-08-16T06:38:01Z,2026-08-16T06:38:04Z,./corpus/pg19_64mb.txt,ebc84b4c6c085759c1bb65cbb8f6e14221b7f512dac4a29fb3e2d06a1a54b21c,3.5908,,
078cd6bcf9c8,ofat_batch_chunks,64MB,67217635,ebc84b4c6c085759c1bb65cbb8f6e14221b7f512dac4a29fb3e2d06a1a54b21c,r50k_base,fixed_u16,zstd_12,fast,subprocess_cli,library_batch,2097152,256,20,0.897,0.3315,1.4989,2.7275,23.503,20255115,3.3185511412796225,18839512,1059.51,0.779,82.286,True,True,True,True,0.0,,done,2026-08-16T06:38:04Z,2026-08-16T06:38:08Z,./corpus/pg19_64mb.txt,ebc84b4c6c085759c1bb65cbb8f6e14221b7f512dac4a29fb3e2d06a1a54b21c,3.5549,,
d987fe3fc318,ratio_grid,64MB,67217635,ebc84b4c6c085759c1bb65cbb8f6e14221b7f512dac4a29fb3e2d06a1a54b21c,none,raw_utf8,lzma_extreme,max,subprocess_cli,library_batch,2097152,128,20,0.0,0.0,54.6576,54.6576,1.173,18508011,3.63181300248849,0,759.45,0.4958,129.294,True,True,True,True,0.0,,done,2026-08-16T06:42:36Z,2026-08-16T06:43:32Z,./corpus/pg19_64mb.txt,ebc84b4c6c085759c1bb65cbb8f6e14221b7f512dac4a29fb3e2d06a1a54b21c,55.1537,,
cacbf14ef15d,ratio_grid,64MB,67217635,ebc84b4c6c085759c1bb65cbb8f6e14221b7f512dac4a29fb3e2d06a1a54b21c,none,raw_utf8,zstd_19,max,subprocess_cli,library_batch,2097152,128,20,0.0,0.0,41.127,41.127,1.559,19141448,3.5116274902504765,0,347.93,0.086,745.07,True,True,True,True,0.0,,done,2026-08-16T06:43:32Z,2026-08-16T06:44:13Z,./corpus/pg19_64mb.txt,ebc84b4c6c085759c1bb65cbb8f6e14221b7f512dac4a29fb3e2d06a1a54b21c,41.2132,,
c9a1c153a0e6,ratio_grid,64MB,67217635,ebc84b4c6c085759c1bb65cbb8f6e14221b7f512dac4a29fb3e2d06a1a54b21c,none,raw_utf8,zstd_22_long,max,subprocess_cli,library_batch,2097152,128,20,0.0,0.0,49.7424,49.7424,1.289,18690641,3.5963258295956786,0,1787.34,0.1066,601.196,True,True,True,True,0.0,,done,2026-08-16T06:44:13Z,2026-08-16T06:45:03Z,./corpus/pg19_64mb.txt,ebc84b4c6c085759c1bb65cbb8f6e14221b7f512dac4a29fb3e2d06a1a54b21c,49.8493,,
109d9258a6ca,ratio_grid,64MB,67217635,ebc84b4c6c085759c1bb65cbb8f6e14221b7f512dac4a29fb3e2d06a1a54b21c,o200k_base,leb128,lzma_extreme,max,subprocess_cli,library_batch,2097152,128,20,0.7077,0.8481,19.1513,20.707,3.096,18324865,3.668110788265016,16052638,1612.51,1.3581,47.201,True,True,True,True,0.0,,done,2026-08-16T06:45:03Z,2026-08-16T06:45:25Z,./corpus/pg19_64mb.txt,ebc84b4c6c085759c1bb65cbb8f6e14221b7f512dac4a29fb3e2d06a1a54b21c,22.2265,,
cb727d0710dc,ratio_grid,64MB,67217635,ebc84b4c6c085759c1bb65cbb8f6e14221b7f512dac4a29fb3e2d06a1a54b21c,o200k_base,leb128,zstd_19,max,subprocess_cli,library_batch,2097152,128,20,0.7573,0.7886,15.187,16.7329,3.831,18749738,3.5849906276023695,16052638,1531.98,1.2971,49.422,True,True,True,True,0.0,,done,2026-08-16T06:45:25Z,2026-08-16T06:45:44Z,./corpus/pg19_64mb.txt,ebc84b4c6c085759c1bb65cbb8f6e14221b7f512dac4a29fb3e2d06a1a54b21c,18.1882,,
af6e6fe169cd,ratio_grid,64MB,67217635,ebc84b4c6c085759c1bb65cbb8f6e14221b7f512dac4a29fb3e2d06a1a54b21c,o200k_base,leb128,zstd_22_long,max,subprocess_cli,library_batch,2097152,128,20,1.2464,0.7768,18.0824,20.1056,3.188,18577518,3.618224727329022,16052638,2025.34,1.2973,49.414,True,True,True,True,0.0,,done,2026-08-16T06:45:44Z,2026-08-16T06:46:06Z,./corpus/pg19_64mb.txt,ebc84b4c6c085759c1bb65cbb8f6e14221b7f512dac4a29fb3e2d06a1a54b21c,21.5611,,
bf345d1f4436,ratio_grid,64MB,67217635,ebc84b4c6c085759c1bb65cbb8f6e14221b7f512dac4a29fb3e2d06a1a54b21c,cl100k_base,leb128,lzma_extreme,max,subprocess_cli,library_batch,2097152,128,20,0.9692,0.7727,18.7632,20.5052,3.126,18200966,3.6930806309950803,16218358,1501.46,1.3202,48.558,True,True,True,True,0.0,,done,2026-08-16T06:46:06Z,2026-08-16T06:46:28Z,./corpus/pg19_64mb.txt,ebc84b4c6c085759c1bb65cbb8f6e14221b7f512dac4a29fb3e2d06a1a54b21c,21.9068,,
d6e2271bb9cf,ratio_grid,64MB,67217635,ebc84b4c6c085759c1bb65cbb8f6e14221b7f512dac4a29fb3e2d06a1a54b21c,cl100k_base,leb128,zstd_19,max,subprocess_cli,library_batch,2097152,128,20,0.8863,0.7645,15.0507,16.7015,3.838,18635520,3.60696320789546,16218358,1552.03,1.2765,50.217,True,True,True,True,0.0,,done,2026-08-16T06:46:28Z,2026-08-16T06:46:46Z,./corpus/pg19_64mb.txt,ebc84b4c6c085759c1bb65cbb8f6e14221b7f512dac4a29fb3e2d06a1a54b21c,18.0604,,
02e416018673,ratio_grid,64MB,67217635,ebc84b4c6c085759c1bb65cbb8f6e14221b7f512dac4a29fb3e2d06a1a54b21c,cl100k_base,leb128,zstd_22_long,max,subprocess_cli,library_batch,2097152,128,20,0.9261,0.7646,17.9079,19.5986,3.271,18469530,3.6393798326216205,16218358,2008.03,1.2659,50.639,True,True,True,True,0.0,,done,2026-08-16T06:46:46Z,2026-08-16T06:47:07Z,./corpus/pg19_64mb.txt,ebc84b4c6c085759c1bb65cbb8f6e14221b7f512dac4a29fb3e2d06a1a54b21c,20.9488,,
f1b8dbb2d8dc,ratio_grid,64MB,67217635,ebc84b4c6c085759c1bb65cbb8f6e14221b7f512dac4a29fb3e2d06a1a54b21c,r50k_base,leb128,lzma_extreme,max,subprocess_cli,library_batch,2097152,128,20,0.9833,0.8629,20.6394,22.4856,2.851,18237832,3.685615428412763,18839512,1599.43,1.4129,45.371,True,True,True,True,0.0,,done,2026-08-16T06:47:07Z,2026-08-16T06:47:31Z,./corpus/pg19_64mb.txt,ebc84b4c6c085759c1bb65cbb8f6e14221b7f512dac4a29fb3e2d06a1a54b21c,23.9469,,
3e3d2cf7f732,ratio_grid,64MB,67217635,ebc84b4c6c085759c1bb65cbb8f6e14221b7f512dac4a29fb3e2d06a1a54b21c,r50k_base,leb128,zstd_19,max,subprocess_cli,library_batch,2097152,128,20,0.9555,0.9563,17.1001,19.012,3.372,18753319,3.5843060633693695,18839512,1585.55,1.4447,44.373,True,True,True,True,0.0,,done,2026-08-16T06:47:31Z,2026-08-16T06:47:52Z,./corpus/pg19_64mb.txt,ebc84b4c6c085759c1bb65cbb8f6e14221b7f512dac4a29fb3e2d06a1a54b21c,20.506,,
9164ae7e48f4,ratio_grid,64MB,67217635,ebc84b4c6c085759c1bb65cbb8f6e14221b7f512dac4a29fb3e2d06a1a54b21c,r50k_base,leb128,zstd_22_long,max,subprocess_cli,library_batch,2097152,128,20,0.9137,0.9518,20.5376,22.4032,2.861,18556659,3.6222918683799707,18839512,2009.23,1.396,45.92,True,True,True,True,0.0,,done,2026-08-16T06:47:52Z,2026-08-16T06:48:16Z,./corpus/pg19_64mb.txt,ebc84b4c6c085759c1bb65cbb8f6e14221b7f512dac4a29fb3e2d06a1a54b21c,23.8511,,
f64e1ddd6d9b,ratio_grid,64MB,67217635,ebc84b4c6c085759c1bb65cbb8f6e14221b7f512dac4a29fb3e2d06a1a54b21c,r50k_base,fixed_u16,lzma_extreme,max,subprocess_cli,library_batch,2097152,128,20,0.9826,0.3274,21.2952,22.6052,2.836,17246468,3.897472514372218,18839512,1079.64,0.8369,76.594,True,True,True,True,0.0,,done,2026-08-16T06:48:16Z,2026-08-16T06:48:39Z,./corpus/pg19_64mb.txt,ebc84b4c6c085759c1bb65cbb8f6e14221b7f512dac4a29fb3e2d06a1a54b21c,23.4904,,
5c9931262b72,ratio_grid,64MB,67217635,ebc84b4c6c085759c1bb65cbb8f6e14221b7f512dac4a29fb3e2d06a1a54b21c,r50k_base,fixed_u16,lzma_tuned_lp1pb1,max,subprocess_cli,library_batch,2097152,128,20,0.9426,0.3384,21.8257,23.1068,2.774,17141189,3.9214102942333815,18839512,1068.53,0.8224,77.944,True,True,True,True,0.0,,done,2026-08-16T06:48:39Z,2026-08-16T06:49:04Z,./corpus/pg19_64mb.txt,ebc84b4c6c085759c1bb65cbb8f6e14221b7f512dac4a29fb3e2d06a1a54b21c,23.9787,,
c25a1c446644,ratio_grid,64MB,67217635,ebc84b4c6c085759c1bb65cbb8f6e14221b7f512dac4a29fb3e2d06a1a54b21c,r50k_base,fixed_u16,zstd_19,max,subprocess_cli,library_batch,2097152,128,20,0.8933,0.3479,20.0696,21.3109,3.008,18283016,3.676506928616154,18839512,1128.74,0.7601,84.333,True,True,True,True,0.0,,done,2026-08-16T06:49:04Z,2026-08-16T06:49:26Z,./corpus/pg19_64mb.txt,ebc84b4c6c085759c1bb65cbb8f6e14221b7f512dac4a29fb3e2d06a1a54b21c,22.1196,,
04f881d7c7c0,ratio_grid,64MB,67217635,ebc84b4c6c085759c1bb65cbb8f6e14221b7f512dac4a29fb3e2d06a1a54b21c,r50k_base,fixed_u16,zstd_22_long,max,subprocess_cli,library_batch,2097152,128,20,0.9571,0.3627,21.0643,22.384,2.864,18087452,3.7162578233794346,18839512,2094.71,0.7611,84.228,True,True,True,True,0.0,,done,2026-08-16T06:49:26Z,2026-08-16T06:49:49Z,./corpus/pg19_64mb.txt,ebc84b4c6c085759c1bb65cbb8f6e14221b7f512dac4a29fb3e2d06a1a54b21c,23.1947,,
71febd2e2989,ratio_grid,64MB,67217635,ebc84b4c6c085759c1bb65cbb8f6e14221b7f512dac4a29fb3e2d06a1a54b21c,p50k_base,leb128,lzma_extreme,max,subprocess_cli,library_batch,2097152,128,20,0.8871,0.8908,20.2805,22.0584,2.906,18208568,3.6915387854772543,18210101,1530.84,1.3792,46.48,True,True,True,True,0.0,,done,2026-08-16T06:49:49Z,2026-08-16T06:50:13Z,./corpus/pg19_64mb.txt,ebc84b4c6c085759c1bb65cbb8f6e14221b7f512dac4a29fb3e2d06a1a54b21c,23.4863,,
4a0b3a02ab88,ratio_grid,64MB,67217635,ebc84b4c6c085759c1bb65cbb8f6e14221b7f512dac4a29fb3e2d06a1a54b21c,p50k_base,leb128,zstd_19,max,subprocess_cli,library_batch,2097152,128,20,0.9015,0.8502,16.0271,17.7788,3.606,18708803,3.5928346137377147,18210101,1635.47,1.3287,48.245,True,True,True,True,0.0,,done,2026-08-16T06:50:13Z,2026-08-16T06:50:32Z,./corpus/pg19_64mb.txt,ebc84b4c6c085759c1bb65cbb8f6e14221b7f512dac4a29fb3e2d06a1a54b21c,19.1561,,
63aef3df65d5,ratio_grid,64MB,67217635,ebc84b4c6c085759c1bb65cbb8f6e14221b7f512dac4a29fb3e2d06a1a54b21c,p50k_base,leb128,zstd_22_long,max,subprocess_cli,library_batch,2097152,128,20,0.8731,0.8461,19.1738,20.8931,3.068,18524676,3.6285457840126325,18210101,2043.86,1.3313,48.153,True,True,True,True,0.0,,done,2026-08-16T06:50:32Z,2026-08-16T06:50:55Z,./corpus/pg19_64mb.txt,ebc84b4c6c085759c1bb65cbb8f6e14221b7f512dac4a29fb3e2d06a1a54b21c,22.2726,,
d2193aabf415,ratio_grid,64MB,67217635,ebc84b4c6c085759c1bb65cbb8f6e14221b7f512dac4a29fb3e2d06a1a54b21c,p50k_base,fixed_u16,lzma_extreme,max,subprocess_cli,library_batch,2097152,128,20,0.8594,0.3176,20.3527,21.5296,2.977,17209016,3.9059545879903883,18210101,1008.64,0.8058,79.55,True,True,True,True,0.0,,done,2026-08-16T06:50:55Z,2026-08-16T06:51:17Z,./corpus/pg19_64mb.txt,ebc84b4c6c085759c1bb65cbb8f6e14221b7f512dac4a29fb3e2d06a1a54b21c,22.3841,,
0e45017b2586,ratio_grid,64MB,67217635,ebc84b4c6c085759c1bb65cbb8f6e14221b7f512dac4a29fb3e2d06a1a54b21c,p50k_base,fixed_u16,lzma_tuned_lp1pb1,max,subprocess_cli,library_batch,2097152,128,20,0.9766,0.3213,20.4037,21.7016,2.954,17101861,3.9304280978543797,18210101,1036.49,0.8052,79.611,True,True,True,True,0.0,,done,2026-08-16T06:51:17Z,2026-08-16T06:51:40Z,./corpus/pg19_64mb.txt,ebc84b4c6c085759c1bb65cbb8f6e14221b7f512dac4a29fb3e2d06a1a54b21c,22.5554,,
788ba83b2fe8,ratio_grid,64MB,67217635,ebc84b4c6c085759c1bb65cbb8f6e14221b7f512dac4a29fb3e2d06a1a54b21c,p50k_base,fixed_u16,zstd_19,max,subprocess_cli,library_batch,2097152,128,20,0.9991,0.3203,16.0574,17.3768,3.689,18223162,3.6885824205480913,18210101,1111.98,0.7548,84.926,True,True,True,True,0.0,,done,2026-08-16T06:51:40Z,2026-08-16T06:51:58Z,./corpus/pg19_64mb.txt,ebc84b4c6c085759c1bb65cbb8f6e14221b7f512dac4a29fb3e2d06a1a54b21c,18.1808,,
2b68fdecc790,ratio_grid,64MB,67217635,ebc84b4c6c085759c1bb65cbb8f6e14221b7f512dac4a29fb3e2d06a1a54b21c,p50k_base,fixed_u16,zstd_22_long,max,subprocess_cli,library_batch,2097152,128,20,0.8558,0.3247,19.3716,20.5521,3.119,18032562,3.727569881639669,18210101,1965.73,0.7487,85.622,True,True,True,True,0.0,,done,2026-08-16T06:51:58Z,2026-08-16T06:52:20Z,./corpus/pg19_64mb.txt,ebc84b4c6c085759c1bb65cbb8f6e14221b7f512dac4a29fb3e2d06a1a54b21c,21.3486,,
718553ab53f4,ofat_threads,64MB,67217635,ebc84b4c6c085759c1bb65cbb8f6e14221b7f512dac4a29fb3e2d06a1a54b21c,o200k_base,leb128,lzma_extreme,max,subprocess_cli,library_batch,2097152,128,1,2.923,0.7735,19.2691,22.9657,2.791,18324857,3.6681123896355645,16052638,1516.78,1.7562,36.501,True,True,True,True,0.0,,done,2026-08-16T06:52:20Z,2026-08-16T06:52:45Z,./corpus/pg19_64mb.txt,ebc84b4c6c085759c1bb65cbb8f6e14221b7f512dac4a29fb3e2d06a1a54b21c,24.8815,,
493454a1be48,ofat_threads,64MB,67217635,ebc84b4c6c085759c1bb65cbb8f6e14221b7f512dac4a29fb3e2d06a1a54b21c,o200k_base,leb128,lzma_extreme,max,subprocess_cli,library_batch,2097152,128,4,1.0488,0.7879,19.5213,21.358,3.001,18324865,3.668110788265016,16052638,1519.72,1.4012,45.75,True,True,True,True,0.0,,done,2026-08-16T06:52:45Z,2026-08-16T06:53:08Z,./corpus/pg19_64mb.txt,ebc84b4c6c085759c1bb65cbb8f6e14221b7f512dac4a29fb3e2d06a1a54b21c,22.9207,,
270514d49684,ofat_layout,64MB,67217635,ebc84b4c6c085759c1bb65cbb8f6e14221b7f512dac4a29fb3e2d06a1a54b21c,o200k_base,leb128,lzma_extreme,max,subprocess_cli,manual_pool,2097152,128,20,0.7195,0.7787,19.829,21.3273,3.006,18324865,3.668110788265016,16052638,1530.5,1.3583,47.193,True,True,True,True,0.0,,done,2026-08-16T06:53:08Z,2026-08-16T06:53:31Z,./corpus/pg19_64mb.txt,ebc84b4c6c085759c1bb65cbb8f6e14221b7f512dac4a29fb3e2d06a1a54b21c,22.8461,,
45034fa8c8a7,ofat_layout,64MB,67217635,ebc84b4c6c085759c1bb65cbb8f6e14221b7f512dac4a29fb3e2d06a1a54b21c,o200k_base,leb128,lzma_extreme,max,subprocess_cli,process_pool,2097152,128,20,0.7879,0.9134,19.6901,21.3914,2.997,18324865,3.668110788265016,16052638,3442.33,1.3757,46.599,True,True,True,True,0.4847,,done,2026-08-16T06:53:31Z,2026-08-16T06:53:55Z,./corpus/pg19_64mb.txt,ebc84b4c6c085759c1bb65cbb8f6e14221b7f512dac4a29fb3e2d06a1a54b21c,23.4297,,
8db3bed47cf8,ofat_transport,64MB,67217635,ebc84b4c6c085759c1bb65cbb8f6e14221b7f512dac4a29fb3e2d06a1a54b21c,o200k_base,leb128,lzma_extreme,max,in_process_binding,library_batch,2097152,128,20,0.6566,0.7703,20.1833,21.6102,2.966,18324861,3.6681115889501155,16052638,1589.18,2.0725,30.93,True,True,True,True,0.0,,done,2026-08-16T06:53:55Z,2026-08-16T06:54:19Z,./corpus/pg19_64mb.txt,ebc84b4c6c085759c1bb65cbb8f6e14221b7f512dac4a29fb3e2d06a1a54b21c,23.8411,,
289aa966db54,ofat_chunk_size,64MB,67217635,ebc84b4c6c085759c1bb65cbb8f6e14221b7f512dac4a29fb3e2d06a1a54b21c,o200k_base,leb128,lzma_extreme,max,subprocess_cli,library_batch,1048576,128,20,0.6324,0.8567,19.9272,21.4164,2.993,18324865,3.668110788265016,16052638,1511.84,1.3408,47.81,True,True,True,True,0.0,,done,2026-08-16T06:54:19Z,2026-08-16T06:54:42Z,./corpus/pg19_64mb.txt,ebc84b4c6c085759c1bb65cbb8f6e14221b7f512dac4a29fb3e2d06a1a54b21c,22.9236,,
300296149c3c,ofat_chunk_size,64MB,67217635,ebc84b4c6c085759c1bb65cbb8f6e14221b7f512dac4a29fb3e2d06a1a54b21c,o200k_base,leb128,lzma_extreme,max,subprocess_cli,library_batch,4194304,128,20,0.6452,0.7765,19.2778,20.6994,3.097,18324865,3.668110788265016,16052638,1541.59,1.3731,46.684,True,True,True,True,0.0,,done,2026-08-16T06:54:42Z,2026-08-16T06:55:04Z,./corpus/pg19_64mb.txt,ebc84b4c6c085759c1bb65cbb8f6e14221b7f512dac4a29fb3e2d06a1a54b21c,22.2351,,
448c376316d3,ofat_batch_chunks,64MB,67217635,ebc84b4c6c085759c1bb65cbb8f6e14221b7f512dac4a29fb3e2d06a1a54b21c,o200k_base,leb128,lzma_extreme,max,subprocess_cli,library_batch,2097152,64,20,0.6819,0.7728,19.1309,20.5856,3.114,18324865,3.668110788265016,16052638,1530.09,1.3509,47.453,True,True,True,True,0.0,,done,2026-08-16T06:55:04Z,2026-08-16T06:55:26Z,./corpus/pg19_64mb.txt,ebc84b4c6c085759c1bb65cbb8f6e14221b7f512dac4a29fb3e2d06a1a54b21c,22.0967,,
f74de8b3afe5,ofat_batch_chunks,64MB,67217635,ebc84b4c6c085759c1bb65cbb8f6e14221b7f512dac4a29fb3e2d06a1a54b21c,o200k_base,leb128,lzma_extreme,max,subprocess_cli,library_batch,2097152,256,20,0.7377,0.7772,19.2734,20.7883,3.084,18324865,3.668110788265016,16052638,1527.47,1.3515,47.431,True,True,True,True,0.0,,done,2026-08-16T06:55:26Z,2026-08-16T06:55:49Z,./corpus/pg19_64mb.txt,ebc84b4c6c085759c1bb65cbb8f6e14221b7f512dac4a29fb3e2d06a1a54b21c,22.3008,,
f2e1af512869,ofat_transport,64MB,67217635,ebc84b4c6c085759c1bb65cbb8f6e14221b7f512dac4a29fb3e2d06a1a54b21c,o200k_base,leb128,lzma_fast,fast,in_process_binding,library_batch,2097152,128,20,0.6789,0.7908,19.1702,20.6398,3.106,18322018,3.6686807643131885,16052638,1590.57,1.9307,33.203,True,True,True,True,0.0,,done,2026-08-16T06:55:49Z,2026-08-16T06:56:12Z,./corpus/pg19_64mb.txt,ebc84b4c6c085759c1bb65cbb8f6e14221b7f512dac4a29fb3e2d06a1a54b21c,22.7335,,
bfedfc8b6068,ofat_threads,64MB,67217635,ebc84b4c6c085759c1bb65cbb8f6e14221b7f512dac4a29fb3e2d06a1a54b21c,o200k_base,leb128,zstd_19,max,subprocess_cli,library_batch,2097152,128,1,2.9423,0.7652,15.4065,19.1139,3.354,18749738,3.5849906276023695,16052638,1535.05,1.3115,48.879,True,True,True,True,0.0,,done,2026-08-16T06:56:12Z,2026-08-16T06:56:33Z,./corpus/pg19_64mb.txt,ebc84b4c6c085759c1bb65cbb8f6e14221b7f512dac4a29fb3e2d06a1a54b21c,20.5849,,
5487beecdb9a,ofat_threads,64MB,67217635,ebc84b4c6c085759c1bb65cbb8f6e14221b7f512dac4a29fb3e2d06a1a54b21c,o200k_base,leb128,zstd_19,max,subprocess_cli,library_batch,2097152,128,4,1.0456,0.7702,15.5433,17.3591,3.693,18749738,3.5849906276023695,16052638,1560.41,1.3048,49.129,True,True,True,True,0.0,,done,2026-08-16T06:56:33Z,2026-08-16T06:56:52Z,./corpus/pg19_64mb.txt,ebc84b4c6c085759c1bb65cbb8f6e14221b7f512dac4a29fb3e2d06a1a54b21c,18.8238,,
fb2a1acd0e1e,ofat_layout,64MB,67217635,ebc84b4c6c085759c1bb65cbb8f6e14221b7f512dac4a29fb3e2d06a1a54b21c,o200k_base,leb128,zstd_19,max,subprocess_cli,manual_pool,2097152,128,20,0.6349,0.7815,15.3477,16.7642,3.824,18749738,3.5849906276023695,16052638,1589.22,1.3066,49.061,True,True,True,True,0.0,,done,2026-08-16T06:56:52Z,2026-08-16T06:57:10Z,./corpus/pg19_64mb.txt,ebc84b4c6c085759c1bb65cbb8f6e14221b7f512dac4a29fb3e2d06a1a54b21c,18.2366,,
b5c468c2b81d,ofat_layout,64MB,67217635,ebc84b4c6c085759c1bb65cbb8f6e14221b7f512dac4a29fb3e2d06a1a54b21c,o200k_base,leb128,zstd_19,max,subprocess_cli,process_pool,2097152,128,20,0.6921,0.8506,15.6672,17.2098,3.725,18749738,3.5849906276023695,16052638,3521.51,1.3242,48.411,True,True,True,True,0.4777,,done,2026-08-16T06:57:10Z,2026-08-16T06:57:29Z,./corpus/pg19_64mb.txt,ebc84b4c6c085759c1bb65cbb8f6e14221b7f512dac4a29fb3e2d06a1a54b21c,19.1794,,
335ee7c0e12e,ofat_transport,64MB,67217635,ebc84b4c6c085759c1bb65cbb8f6e14221b7f512dac4a29fb3e2d06a1a54b21c,o200k_base,leb128,zstd_19,max,in_process_binding,library_batch,2097152,128,20,0.6097,0.7777,15.4184,16.8057,3.814,18749738,3.5849906276023695,16052638,1527.57,1.4302,44.823,True,True,True,True,0.0,,done,2026-08-16T06:57:29Z,2026-08-16T06:57:48Z,./corpus/pg19_64mb.txt,ebc84b4c6c085759c1bb65cbb8f6e14221b7f512dac4a29fb3e2d06a1a54b21c,18.3937,,
2307167c2fb1,ofat_chunk_size,64MB,67217635,ebc84b4c6c085759c1bb65cbb8f6e14221b7f512dac4a29fb3e2d06a1a54b21c,o200k_base,leb128,zstd_19,max,subprocess_cli,library_batch,1048576,128,20,0.5917,0.7664,15.5496,16.9076,3.791,18749738,3.5849906276023695,16052638,1493.55,1.2947,49.511,True,True,True,True,0.0,,done,2026-08-16T06:57:48Z,2026-08-16T06:58:06Z,./corpus/pg19_64mb.txt,ebc84b4c6c085759c1bb65cbb8f6e14221b7f512dac4a29fb3e2d06a1a54b21c,18.3613,,
12c0fe6f9010,ofat_chunk_size,64MB,67217635,ebc84b4c6c085759c1bb65cbb8f6e14221b7f512dac4a29fb3e2d06a1a54b21c,o200k_base,leb128,zstd_19,max,subprocess_cli,library_batch,4194304,128,20,0.6537,0.7703,15.4283,16.8523,3.804,18749738,3.5849906276023695,16052638,1620.11,1.3124,48.844,True,True,True,True,0.0,,done,2026-08-16T06:58:06Z,2026-08-16T06:58:25Z,./corpus/pg19_64mb.txt,ebc84b4c6c085759c1bb65cbb8f6e14221b7f512dac4a29fb3e2d06a1a54b21c,18.3237,,
2b16dbdc4879,ofat_batch_chunks,64MB,67217635,ebc84b4c6c085759c1bb65cbb8f6e14221b7f512dac4a29fb3e2d06a1a54b21c,o200k_base,leb128,zstd_19,max,subprocess_cli,library_batch,2097152,64,20,0.6362,0.7817,15.4925,16.9104,3.791,18749738,3.5849906276023695,16052638,1531.89,1.2951,49.496,True,True,True,True,0.0,,done,2026-08-16T06:58:25Z,2026-08-16T06:58:44Z,./corpus/pg19_64mb.txt,ebc84b4c6c085759c1bb65cbb8f6e14221b7f512dac4a29fb3e2d06a1a54b21c,18.3636,,
761547331a8d,ofat_batch_chunks,64MB,67217635,ebc84b4c6c085759c1bb65cbb8f6e14221b7f512dac4a29fb3e2d06a1a54b21c,o200k_base,leb128,zstd_19,max,subprocess_cli,library_batch,2097152,256,20,0.6534,0.7773,15.4923,16.923,3.788,18749738,3.5849906276023695,16052638,1563.84,1.2948,49.509,True,True,True,True,0.0,,done,2026-08-16T06:58:44Z,2026-08-16T06:59:02Z,./corpus/pg19_64mb.txt,ebc84b4c6c085759c1bb65cbb8f6e14221b7f512dac4a29fb3e2d06a1a54b21c,18.3808,,
107442c7c11f,ofat_threads,64MB,67217635,ebc84b4c6c085759c1bb65cbb8f6e14221b7f512dac4a29fb3e2d06a1a54b21c,none,raw_utf8,lzma_extreme,max,subprocess_cli,library_batch,2097152,128,1,0.0,0.0,49.9664,49.9664,1.283,18508003,3.631814572323119,0,685.21,0.5257,121.937,True,True,True,True,0.0,,done,2026-08-16T06:59:02Z,2026-08-16T06:59:53Z,./corpus/pg19_64mb.txt,ebc84b4c6c085759c1bb65cbb8f6e14221b7f512dac4a29fb3e2d06a1a54b21c,50.4923,,
b42f6cde348d,ofat_threads,64MB,67217635,ebc84b4c6c085759c1bb65cbb8f6e14221b7f512dac4a29fb3e2d06a1a54b21c,none,raw_utf8,lzma_extreme,max,subprocess_cli,library_batch,2097152,128,4,0.0,0.0,49.3952,49.3952,1.298,18508011,3.63181300248849,0,759.76,0.4786,133.949,True,True,True,True,0.0,,done,2026-08-16T06:59:53Z,2026-08-16T07:00:43Z,./corpus/pg19_64mb.txt,ebc84b4c6c085759c1bb65cbb8f6e14221b7f512dac4a29fb3e2d06a1a54b21c,49.8739,,
e8988ce13013,ofat_transport,64MB,67217635,ebc84b4c6c085759c1bb65cbb8f6e14221b7f512dac4a29fb3e2d06a1a54b21c,none,raw_utf8,lzma_extreme,max,in_process_binding,library_batch,2097152,128,20,0.0,0.0,50.2751,50.2751,1.275,18508007,3.6318137874056347,0,682.84,0.7065,90.734,True,True,True,True,0.0,,done,2026-08-16T07:00:43Z,2026-08-16T07:01:34Z,./corpus/pg19_64mb.txt,ebc84b4c6c085759c1bb65cbb8f6e14221b7f512dac4a29fb3e2d06a1a54b21c,50.9819,,
64efad16cc3b,ofat_chunk_size,64MB,67217635,ebc84b4c6c085759c1bb65cbb8f6e14221b7f512dac4a29fb3e2d06a1a54b21c,none,raw_utf8,lzma_extreme,max,subprocess_cli,library_batch,1048576,128,20,0.0,0.0,49.4013,49.4013,1.298,18508011,3.63181300248849,0,759.9,0.4689,136.711,True,True,True,True,0.0,,done,2026-08-16T07:01:34Z,2026-08-16T07:02:24Z,./corpus/pg19_64mb.txt,ebc84b4c6c085759c1bb65cbb8f6e14221b7f512dac4a29fb3e2d06a1a54b21c,49.8704,,
668aa35ef72e,ofat_chunk_size,64MB,67217635,ebc84b4c6c085759c1bb65cbb8f6e14221b7f512dac4a29fb3e2d06a1a54b21c,none,raw_utf8,lzma_extreme,max,subprocess_cli,library_batch,4194304,128,20,0.0,0.0,49.9569,49.9569,1.283,18508011,3.63181300248849,0,759.52,0.4645,138.006,True,True,True,True,0.0,,done,2026-08-16T07:02:24Z,2026-08-16T07:03:15Z,./corpus/pg19_64mb.txt,ebc84b4c6c085759c1bb65cbb8f6e14221b7f512dac4a29fb3e2d06a1a54b21c,50.4216,,
90969431a616,ofat_batch_chunks,64MB,67217635,ebc84b4c6c085759c1bb65cbb8f6e14221b7f512dac4a29fb3e2d06a1a54b21c,none,raw_utf8,lzma_extreme,max,subprocess_cli,library_batch,2097152,64,20,0.0,0.0,49.284,49.284,1.301,18508011,3.63181300248849,0,759.58,0.4647,137.953,True,True,True,True,0.0,,done,2026-08-16T07:03:15Z,2026-08-16T07:04:04Z,./corpus/pg19_64mb.txt,ebc84b4c6c085759c1bb65cbb8f6e14221b7f512dac4a29fb3e2d06a1a54b21c,49.7489,,
680832fc6b56,ofat_batch_chunks,64MB,67217635,ebc84b4c6c085759c1bb65cbb8f6e14221b7f512dac4a29fb3e2d06a1a54b21c,none,raw_utf8,lzma_extreme,max,subprocess_cli,library_batch,2097152,256,20,0.0,0.0,49.3021,49.3021,1.3,18508011,3.63181300248849,0,759.78,0.4826,132.841,True,True,True,True,0.0,,done,2026-08-16T07:04:04Z,2026-08-16T07:04:54Z,./corpus/pg19_64mb.txt,ebc84b4c6c085759c1bb65cbb8f6e14221b7f512dac4a29fb3e2d06a1a54b21c,49.7849,,
aca733fcb192,ofat_transport,64MB,67217635,ebc84b4c6c085759c1bb65cbb8f6e14221b7f512dac4a29fb3e2d06a1a54b21c,none,raw_utf8,lzma_fast,fast,in_process_binding,library_batch,2097152,128,20,0.0,0.0,47.5653,47.5653,1.348,18608200,3.6122588428757214,0,411.85,0.6947,92.275,True,True,True,True,0.0,,done,2026-08-16T07:04:54Z,2026-08-16T07:05:43Z,./corpus/pg19_64mb.txt,ebc84b4c6c085759c1bb65cbb8f6e14221b7f512dac4a29fb3e2d06a1a54b21c,48.2604,,
533f747cde11,ofat_threads,64MB,67217635,ebc84b4c6c085759c1bb65cbb8f6e14221b7f512dac4a29fb3e2d06a1a54b21c,none,raw_utf8,zstd_19,max,subprocess_cli,library_batch,2097152,128,1,0.0,0.0,42.0316,42.0316,1.525,19141448,3.5116274902504765,0,267.14,0.096,667.806,True,True,True,True,0.0,,done,2026-08-16T07:05:43Z,2026-08-16T07:06:25Z,./corpus/pg19_64mb.txt,ebc84b4c6c085759c1bb65cbb8f6e14221b7f512dac4a29fb3e2d06a1a54b21c,42.1278,,
5f1d38f7750d,ofat_threads,64MB,67217635,ebc84b4c6c085759c1bb65cbb8f6e14221b7f512dac4a29fb3e2d06a1a54b21c,none,raw_utf8,zstd_19,max,subprocess_cli,library_batch,2097152,128,4,0.0,0.0,36.7454,36.7454,1.745,19141448,3.5116274902504765,0,347.96,0.0862,743.322,True,True,True,True,0.0,,done,2026-08-16T07:06:25Z,2026-08-16T07:07:02Z,./corpus/pg19_64mb.txt,ebc84b4c6c085759c1bb65cbb8f6e14221b7f512dac4a29fb3e2d06a1a54b21c,36.8318,,
655fe7876060,ofat_transport,64MB,67217635,ebc84b4c6c085759c1bb65cbb8f6e14221b7f512dac4a29fb3e2d06a1a54b21c,none,raw_utf8,zstd_19,max,in_process_binding,library_batch,2097152,128,20,0.0,0.0,38.7915,38.7915,1.653,19141448,3.5116274902504765,0,364.45,0.4044,158.505,True,True,True,True,0.0,,done,2026-08-16T07:07:02Z,2026-08-16T07:07:41Z,./corpus/pg19_64mb.txt,ebc84b4c6c085759c1bb65cbb8f6e14221b7f512dac4a29fb3e2d06a1a54b21c,39.1962,,
043d471718b8,ofat_chunk_size,64MB,67217635,ebc84b4c6c085759c1bb65cbb8f6e14221b7f512dac4a29fb3e2d06a1a54b21c,none,raw_utf8,zstd_19,max,subprocess_cli,library_batch,1048576,128,20,0.0,0.0,38.0332,38.0332,1.685,19141448,3.5116274902504765,0,348.2,0.0843,760.367,True,True,True,True,0.0,,done,2026-08-16T07:07:41Z,2026-08-16T07:08:20Z,./corpus/pg19_64mb.txt,ebc84b4c6c085759c1bb65cbb8f6e14221b7f512dac4a29fb3e2d06a1a54b21c,38.1178,,
739b39432ff5,ofat_chunk_size,64MB,67217635,ebc84b4c6c085759c1bb65cbb8f6e14221b7f512dac4a29fb3e2d06a1a54b21c,none,raw_utf8,zstd_19,max,subprocess_cli,library_batch,4194304,128,20,0.0,0.0,37.6871,37.6871,1.701,19141448,3.5116274902504765,0,347.95,0.0874,733.601,True,True,True,True,0.0,,done,2026-08-16T07:08:20Z,2026-08-16T07:08:58Z,./corpus/pg19_64mb.txt,ebc84b4c6c085759c1bb65cbb8f6e14221b7f512dac4a29fb3e2d06a1a54b21c,37.7747,,
8bf61d35e0d4,ofat_batch_chunks,64MB,67217635,ebc84b4c6c085759c1bb65cbb8f6e14221b7f512dac4a29fb3e2d06a1a54b21c,none,raw_utf8,zstd_19,max,subprocess_cli,library_batch,2097152,64,20,0.0,0.0,37.7695,37.7695,1.697,19141448,3.5116274902504765,0,347.97,0.0831,771.323,True,True,True,True,0.0,,done,2026-08-16T07:08:58Z,2026-08-16T07:09:36Z,./corpus/pg19_64mb.txt,ebc84b4c6c085759c1bb65cbb8f6e14221b7f512dac4a29fb3e2d06a1a54b21c,37.8528,,
d195b5a5deb2,ofat_batch_chunks,64MB,67217635,ebc84b4c6c085759c1bb65cbb8f6e14221b7f512dac4a29fb3e2d06a1a54b21c,none,raw_utf8,zstd_19,max,subprocess_cli,library_batch,2097152,256,20,0.0,0.0,38.219,38.219,1.677,19141448,3.5116274902504765,0,348.23,0.0877,731.339,True,True,True,True,0.0,,done,2026-08-16T07:09:36Z,2026-08-16T07:10:14Z,./corpus/pg19_64mb.txt,ebc84b4c6c085759c1bb65cbb8f6e14221b7f512dac4a29fb3e2d06a1a54b21c,38.3069,,
6d8021343374,ofat_threads,64MB,67217635,ebc84b4c6c085759c1bb65cbb8f6e14221b7f512dac4a29fb3e2d06a1a54b21c,r50k_base,fixed_u16,lzma_extreme,max,subprocess_cli,library_batch,2097152,128,1,4.226,0.3484,22.0558,26.6302,2.407,17246460,3.8974743222667145,18839512,1416.77,1.204,53.241,True,True,True,True,0.0,,done,2026-08-16T07:10:14Z,2026-08-16T07:10:42Z,./corpus/pg19_64mb.txt,ebc84b4c6c085759c1bb65cbb8f6e14221b7f512dac4a29fb3e2d06a1a54b21c,27.8834,,
052c5ea34c9d,ofat_threads,64MB,67217635,ebc84b4c6c085759c1bb65cbb8f6e14221b7f512dac4a29fb3e2d06a1a54b21c,r50k_base,fixed_u16,lzma_extreme,max,subprocess_cli,library_batch,2097152,128,4,1.678,0.3332,21.7613,23.7725,2.697,17246468,3.897472514372218,18839512,981.35,0.8209,78.088,True,True,True,True,0.0,,done,2026-08-16T07:10:42Z,2026-08-16T07:11:07Z,./corpus/pg19_64mb.txt,ebc84b4c6c085759c1bb65cbb8f6e14221b7f512dac4a29fb3e2d06a1a54b21c,24.6428,,
b420fc254157,ofat_layout,64MB,67217635,ebc84b4c6c085759c1bb65cbb8f6e14221b7f512dac4a29fb3e2d06a1a54b21c,r50k_base,fixed_u16,lzma_extreme,max,subprocess_cli,manual_pool,2097152,128,20,0.9756,0.3315,21.3005,22.6075,2.836,17246468,3.897472514372218,18839512,1061.55,0.8261,77.598,True,True,True,True,0.0,,done,2026-08-16T07:11:07Z,2026-08-16T07:11:31Z,./corpus/pg19_64mb.txt,ebc84b4c6c085759c1bb65cbb8f6e14221b7f512dac4a29fb3e2d06a1a54b21c,23.4821,,
8ac35f57e931,ofat_layout,64MB,67217635,ebc84b4c6c085759c1bb65cbb8f6e14221b7f512dac4a29fb3e2d06a1a54b21c,r50k_base,fixed_u16,lzma_extreme,max,subprocess_cli,process_pool,2097152,128,20,0.8139,0.3315,21.6886,22.8339,2.807,17246468,3.897472514372218,18839512,1998.65,0.8208,78.096,True,True,True,True,0.2778,,done,2026-08-16T07:11:31Z,2026-08-16T07:11:55Z,./corpus/pg19_64mb.txt,ebc84b4c6c085759c1bb65cbb8f6e14221b7f512dac4a29fb3e2d06a1a54b21c,23.9918,,
612cab833da2,ofat_transport,64MB,67217635,ebc84b4c6c085759c1bb65cbb8f6e14221b7f512dac4a29fb3e2d06a1a54b21c,r50k_base,fixed_u16,lzma_extreme,max,in_process_binding,library_batch,2097152,128,20,0.8878,0.3349,21.94,23.1627,2.768,17246464,3.8974734183192568,18839512,1133.44,1.4058,45.599,True,True,True,True,0.0,,done,2026-08-16T07:11:55Z,2026-08-16T07:12:20Z,./corpus/pg19_64mb.txt,ebc84b4c6c085759c1bb65cbb8f6e14221b7f512dac4a29fb3e2d06a1a54b21c,24.6164,,
b36a2d674a51,ofat_chunk_size,64MB,67217635,ebc84b4c6c085759c1bb65cbb8f6e14221b7f512dac4a29fb3e2d06a1a54b21c,r50k_base,fixed_u16,lzma_extreme,max,subprocess_cli,library_batch,1048576,128,20,0.8923,0.3329,22.3973,23.6224,2.714,17246468,3.897472514372218,18839512,1035.77,0.8237,77.82,True,True,True,True,0.0,,done,2026-08-16T07:12:20Z,2026-08-16T07:12:44Z,./corpus/pg19_64mb.txt,ebc84b4c6c085759c1bb65cbb8f6e14221b7f512dac4a29fb3e2d06a1a54b21c,24.4972,,
01056b2e0a8e,ofat_chunk_size,64MB,67217635,ebc84b4c6c085759c1bb65cbb8f6e14221b7f512dac4a29fb3e2d06a1a54b21c,r50k_base,fixed_u16,lzma_extreme,max,subprocess_cli,library_batch,4194304,128,20,0.874,0.3289,22.4591,23.662,2.709,17246468,3.897472514372218,18839512,989.96,0.825,77.703,True,True,True,True,0.0,,done,2026-08-16T07:12:44Z,2026-08-16T07:13:09Z,./corpus/pg19_64mb.txt,ebc84b4c6c085759c1bb65cbb8f6e14221b7f512dac4a29fb3e2d06a1a54b21c,24.5368,,
5f0de4ea9ff1,ofat_batch_chunks,64MB,67217635,ebc84b4c6c085759c1bb65cbb8f6e14221b7f512dac4a29fb3e2d06a1a54b21c,r50k_base,fixed_u16,lzma_extreme,max,subprocess_cli,library_batch,2097152,64,20,0.9942,0.3431,22.1991,23.5364,2.724,17246468,3.897472514372218,18839512,1049.59,0.8335,76.905,True,True,True,True,0.0,,done,2026-08-16T07:13:09Z,2026-08-16T07:13:33Z,./corpus/pg19_64mb.txt,ebc84b4c6c085759c1bb65cbb8f6e14221b7f512dac4a29fb3e2d06a1a54b21c,24.4178,,
3178789be13e,ofat_batch_chunks,64MB,67217635,ebc84b4c6c085759c1bb65cbb8f6e14221b7f512dac4a29fb3e2d06a1a54b21c,r50k_base,fixed_u16,lzma_extreme,max,subprocess_cli,library_batch,2097152,256,20,0.9702,0.3373,22.3533,23.6607,2.709,17246468,3.897472514372218,18839512,1084.38,0.8285,77.375,True,True,True,True,0.0,,done,2026-08-16T07:13:33Z,2026-08-16T07:13:58Z,./corpus/pg19_64mb.txt,ebc84b4c6c085759c1bb65cbb8f6e14221b7f512dac4a29fb3e2d06a1a54b21c,24.5396,,
7ff5782e8ad1,ofat_transport,64MB,67217635,ebc84b4c6c085759c1bb65cbb8f6e14221b7f512dac4a29fb3e2d06a1a54b21c,r50k_base,fixed_u16,lzma_fast,fast,in_process_binding,library_batch,2097152,128,20,0.8943,0.3432,22.2548,23.4923,2.729,17255937,3.8953338204700216,18839512,1133.27,1.4026,45.702,True,True,True,True,0.0,,done,2026-08-16T07:13:58Z,2026-08-16T07:14:23Z,./corpus/pg19_64mb.txt,ebc84b4c6c085759c1bb65cbb8f6e14221b7f512dac4a29fb3e2d06a1a54b21c,24.9451,,
23b44f279f33,ofat_threads,64MB,67217635,ebc84b4c6c085759c1bb65cbb8f6e14221b7f512dac4a29fb3e2d06a1a54b21c,r50k_base,fixed_u16,zstd_19,max,subprocess_cli,library_batch,2097152,128,1,4.3904,0.3396,17.8418,22.5718,2.84,18283016,3.676506928616154,18839512,993.39,0.7997,80.156,True,True,True,True,0.0,,done,2026-08-16T07:14:23Z,2026-08-16T07:14:47Z,./corpus/pg19_64mb.txt,ebc84b4c6c085759c1bb65cbb8f6e14221b7f512dac4a29fb3e2d06a1a54b21c,23.4199,,
8b7b57961a8a,ofat_threads,64MB,67217635,ebc84b4c6c085759c1bb65cbb8f6e14221b7f512dac4a29fb3e2d06a1a54b21c,r50k_base,fixed_u16,zstd_19,max,subprocess_cli,library_batch,2097152,128,4,1.6279,0.3485,17.5893,19.5657,3.276,18283016,3.676506928616154,18839512,1107.68,0.8318,77.064,True,True,True,True,0.0,,done,2026-08-16T07:14:47Z,2026-08-16T07:15:08Z,./corpus/pg19_64mb.txt,ebc84b4c6c085759c1bb65cbb8f6e14221b7f512dac4a29fb3e2d06a1a54b21c,20.4469,,
6980afa2c751,ofat_layout,64MB,67217635,ebc84b4c6c085759c1bb65cbb8f6e14221b7f512dac4a29fb3e2d06a1a54b21c,r50k_base,fixed_u16,zstd_19,max,subprocess_cli,manual_pool,2097152,128,20,0.9543,0.3312,18.046,19.3314,3.316,18283016,3.676506928616154,18839512,1068.39,0.8165,78.506,True,True,True,True,0.0,,done,2026-08-16T07:15:08Z,2026-08-16T07:15:28Z,./corpus/pg19_64mb.txt,ebc84b4c6c085759c1bb65cbb8f6e14221b7f512dac4a29fb3e2d06a1a54b21c,20.1962,,
8dab51940f62,ofat_layout,64MB,67217635,ebc84b4c6c085759c1bb65cbb8f6e14221b7f512dac4a29fb3e2d06a1a54b21c,r50k_base,fixed_u16,zstd_19,max,subprocess_cli,process_pool,2097152,128,20,0.8461,0.3425,18.0073,19.1959,3.339,18283016,3.676506928616154,18839512,2018.09,0.7895,81.192,True,True,True,True,0.3471,,done,2026-08-16T07:15:28Z,2026-08-16T07:15:48Z,./corpus/pg19_64mb.txt,ebc84b4c6c085759c1bb65cbb8f6e14221b7f512dac4a29fb3e2d06a1a54b21c,20.3908,,
6129bf452a69,ofat_transport,64MB,67217635,ebc84b4c6c085759c1bb65cbb8f6e14221b7f512dac4a29fb3e2d06a1a54b21c,r50k_base,fixed_u16,zstd_19,max,in_process_binding,library_batch,2097152,128,20,0.9852,0.352,17.7504,19.0876,3.358,18283016,3.676506928616154,18839512,1064.8,0.9273,69.133,True,True,True,True,0.0,,done,2026-08-16T07:15:48Z,2026-08-16T07:16:09Z,./corpus/pg19_64mb.txt,ebc84b4c6c085759c1bb65cbb8f6e14221b7f512dac4a29fb3e2d06a1a54b21c,20.066,,
bc8241e73df8,ofat_chunk_size,64MB,67217635,ebc84b4c6c085759c1bb65cbb8f6e14221b7f512dac4a29fb3e2d06a1a54b21c,r50k_base,fixed_u16,zstd_19,max,subprocess_cli,library_batch,1048576,128,20,0.8558,0.3476,18.1235,19.3269,3.317,18283016,3.676506928616154,18839512,1053.51,0.8064,79.489,True,True,True,True,0.0,,done,2026-08-16T07:16:09Z,2026-08-16T07:16:29Z,./corpus/pg19_64mb.txt,ebc84b4c6c085759c1bb65cbb8f6e14221b7f512dac4a29fb3e2d06a1a54b21c,20.1854,,
0ba851e6808b,ofat_chunk_size,64MB,67217635,ebc84b4c6c085759c1bb65cbb8f6e14221b7f512dac4a29fb3e2d06a1a54b21c,r50k_base,fixed_u16,zstd_19,max,subprocess_cli,library_batch,4194304,128,20,0.8875,0.3438,17.5126,18.7438,3.42,18283016,3.676506928616154,18839512,1035.2,0.8044,79.686,True,True,True,True,0.0,,done,2026-08-16T07:16:29Z,2026-08-16T07:16:49Z,./corpus/pg19_64mb.txt,ebc84b4c6c085759c1bb65cbb8f6e14221b7f512dac4a29fb3e2d06a1a54b21c,19.5993,,
a0396ac39c06,ofat_batch_chunks,64MB,67217635,ebc84b4c6c085759c1bb65cbb8f6e14221b7f512dac4a29fb3e2d06a1a54b21c,r50k_base,fixed_u16,zstd_19,max,subprocess_cli,library_batch,2097152,64,20,0.9623,0.3399,17.5785,18.8807,3.395,18283016,3.676506928616154,18839512,1002.69,0.7974,80.391,True,True,True,True,0.0,,done,2026-08-16T07:16:49Z,2026-08-16T07:17:09Z,./corpus/pg19_64mb.txt,ebc84b4c6c085759c1bb65cbb8f6e14221b7f512dac4a29fb3e2d06a1a54b21c,19.7291,,
fb5b8eb891ad,ofat_batch_chunks,64MB,67217635,ebc84b4c6c085759c1bb65cbb8f6e14221b7f512dac4a29fb3e2d06a1a54b21c,r50k_base,fixed_u16,zstd_19,max,subprocess_cli,library_batch,2097152,256,20,0.9936,0.3347,17.716,19.0443,3.366,18283016,3.676506928616154,18839512,1041.99,0.815,78.659,True,True,True,True,0.0,,done,2026-08-16T07:17:09Z,2026-08-16T07:17:29Z,./corpus/pg19_64mb.txt,ebc84b4c6c085759c1bb65cbb8f6e14221b7f512dac4a29fb3e2d06a1a54b21c,19.9087,,
